MUNICIPIO_ID;COD_DANE;MUNICIPIO_ORIGEN;PERSONA_ID_FK
1;5147;CAREPA;1
2;5088;BELLO;2
3;5125;CAICEDO;3
4;5001;MEDELLIN;4
5;5001;MEDELLIN;5
6;5079;BARBOSA;6
7;5001;MEDELLIN;7
8;5665;SAN PEDRO DE URABA;8
9;5001;MEDELLIN;9
10;5266;ENVIGADO;10
11;5360;ITAGUI;11
12;5380;LA ESTRELLA;12
13;5001;MEDELLIN;13
14;5001;MEDELLIN;14
15;27075;BAHIA SOLANO;15
16;5001;MEDELLIN;16
17;5001;MEDELLIN;17
18;5360;ITAGUI;18
19;5001;MEDELLIN;19
20;5380;LA ESTRELLA;20
21;5001;DESCONOCIDO;21
22;5001;MEDELLIN;22
23;5147;CAREPA;23
24;5001;MEDELLIN;24
25;5088;BELLO;25
26;5266;ENVIGADO;26
27;5001;MEDELLIN;27
28;5001;MEDELLIN;28
29;5001;MEDELLIN;29
30;5360;ITAGUI;30
31;5615;RIONEGRO;31
32;5615;RIONEGRO;32
33;5212;COPACABANA;33
34;5001;MEDELLIN;34
35;5001;MEDELLIN;35
36;5631;SABANETA;36
37;5001;MEDELLIN;37
38;5001;MEDELLIN;38
39;5360;ITAGUI;39
40;5360;ITAGUI;40
41;5266;ENVIGADO;41
42;5001;MEDELLIN;42
43;5001;MEDELLIN;43
44;5001;MEDELLIN;44
45;5380;LA ESTRELLA;45
46;5001;MEDELLIN;46
47;5001;MEDELLIN;47
48;5360;ITAGUI;48
49;5001;MEDELLIN;49
50;5001;MEDELLIN;50
51;5001;MEDELLIN;51
52;5001;MEDELLIN;52
53;5001;MEDELLIN;53
54;5360;ITAGUI;54
55;5001;MEDELLIN;55
56;5756;SONSON;56
57;5045;APARTADO;57
58;5001;MEDELLIN;58
59;5360;ITAGUI;59
60;5001;MEDELLIN;60
61;5001;MEDELLIN;61
62;5360;ITAGUI;62
63;5615;RIONEGRO;63
64;5656;SAN JERONIMO;64
65;5001;MEDELLIN;65
66;5001;MEDELLIN;66
67;5001;MEDELLIN;67
68;5360;ITAGUI;68
69;5001;MEDELLIN;69
70;5001;MEDELLIN;70
71;5615;RIONEGRO;71
72;5088;BELLO;72
73;5615;RIONEGRO;73
74;5088;BELLO;74
75;5308;GIRARDOTA;75
76;5001;MEDELLIN;76
77;5360;ITAGUI;77
78;5001;MEDELLIN;78
79;5001;MEDELLIN;79
80;5001;MEDELLIN;80
81;5380;LA ESTRELLA;81
82;5129;CALDAS;82
83;5001;MEDELLIN;83
84;5001;MEDELLIN;84
85;5001;MEDELLIN;85
86;5360;ITAGUI;86
87;5001;MEDELLIN;87
88;5001;MEDELLIN;88
89;5380;LA ESTRELLA;89
90;5001;MEDELLIN;90
91;5001;MEDELLIN;91
92;5172;CHIGORODO;92
93;5318;GUARNE;93
94;5615;RIONEGRO;94
95;5686;SANTA ROSA DE OSOS;95
96;5129;CALDAS;96
97;5079;BARBOSA;97
98;5615;RIONEGRO;98
99;5266;ENVIGADO;99
100;5282;FREDONIA;100
101;5360;ITAGUI;101
102;5615;RIONEGRO;102
103;5440;MARINILLA;103
104;5376;LA CEJA;104
105;5088;BELLO;105
106;5380;LA ESTRELLA;106
107;5001;MEDELLIN;107
108;5001;MEDELLIN;108
109;5001;MEDELLIN;109
110;5001;MEDELLIN;110
111;5001;MEDELLIN;111
112;5615;RIONEGRO;112
113;5001;MEDELLIN;113
114;5631;SABANETA;114
115;5001;MEDELLIN;115
116;5360;ITAGUI;116
117;5001;MEDELLIN;117
118;5001;MEDELLIN;118
119;5001;MEDELLIN;119
120;5212;COPACABANA;120
121;5631;SABANETA;121
122;5045;APARTADO;122
123;5360;ITAGUI;123
124;5266;ENVIGADO;124
125;5674;SAN VICENTE;125
126;5001;MEDELLIN;126
127;5129;CALDAS;127
128;5148;EL CARMEN DE VIBORAL;128
129;5360;ITAGUI;129
130;5360;ITAGUI;130
131;5001;MEDELLIN;131
132;5045;APARTADO;132
133;5266;ENVIGADO;133
134;5147;CAREPA;134
135;5001;MEDELLIN;135
136;5266;ENVIGADO;136
137;5147;CAREPA;137
138;5360;ITAGUI;138
139;5147;CAREPA;139
140;5837;TURBO;140
141;5045;APARTADO;141
142;5615;RIONEGRO;142
143;5686;SANTA ROSA DE OSOS;143
144;5001;MEDELLIN;144
145;5147;CAREPA;145
146;5038;ANGOSTURA;146
147;5664;SAN PEDRO;147
148;5376;LA CEJA;148
149;5001;MEDELLIN;149
150;5360;ITAGUI;150
151;5001;MEDELLIN;151
152;5088;BELLO;152
153;5440;MARINILLA;153
154;5001;MEDELLIN;154
155;5001;MEDELLIN;155
156;5579;PUERTO BERRIO;156
157;5001;MEDELLIN;157
158;5045;APARTADO;158
159;5360;ITAGUI;159
160;5380;LA ESTRELLA;160
161;5001;MEDELLIN;161
162;5001;MEDELLIN;162
163;5088;BELLO;163
164;5172;CHIGORODO;164
165;5212;COPACABANA;165
166;5001;MEDELLIN;166
167;5321;GUATAPE;167
168;5001;MEDELLIN;168
169;5266;ENVIGADO;169
170;5615;RIONEGRO;170
171;5001;MEDELLIN;171
172;5147;CAREPA;172
173;5001;MEDELLIN;173
174;5631;SABANETA;174
175;5001;MEDELLIN;175
176;5440;MARINILLA;176
177;11001;BOGOTA D.C.;177
178;5088;BELLO;178
179;5360;ITAGUI;179
180;5001;MEDELLIN;180
181;5088;BELLO;181
182;5001;MEDELLIN;182
183;5001;MEDELLIN;183
184;5001;MEDELLIN;184
185;5360;ITAGUI;185
186;5615;RIONEGRO;186
187;5001;MEDELLIN;187
188;5001;MEDELLIN;188
189;5001;MEDELLIN;189
190;5088;BELLO;190
191;5001;MEDELLIN;191
192;5440;MARINILLA;192
193;5088;BELLO;193
194;5440;MARINILLA;194
195;5212;COPACABANA;195
196;5264;ENTRERRIOS;196
197;5001;MEDELLIN;197
198;5615;RIONEGRO;198
199;5001;MEDELLIN;199
200;5001;MEDELLIN;200
201;5172;CHIGORODO;201
202;5001;MEDELLIN;202
203;5001;MEDELLIN;203
204;5001;MEDELLIN;204
205;5607;RETIRO;205
206;5001;MEDELLIN;206
207;5001;MEDELLIN;207
208;5001;MEDELLIN;208
209;5088;BELLO;209
210;5001;MEDELLIN;210
211;5001;MEDELLIN;211
212;5308;GIRARDOTA;212
213;5615;RIONEGRO;213
214;5001;MEDELLIN;214
215;5212;COPACABANA;215
216;5607;RETIRO;216
217;5088;BELLO;217
218;5001;MEDELLIN;218
219;5001;DESCONOCIDO;219
220;5360;ITAGUI;220
221;5001;DESCONOCIDO;221
222;5001;MEDELLIN;222
223;5212;COPACABANA;223
224;5266;ENVIGADO;224
225;5360;ITAGUI;225
226;5212;COPACABANA;226
227;5001;MEDELLIN;227
228;5001;MEDELLIN;228
229;5001;MEDELLIN;229
230;5001;MEDELLIN;230
231;5360;ITAGUI;231
232;5001;MEDELLIN;232
233;5380;LA ESTRELLA;233
234;5001;MEDELLIN;234
235;5360;ITAGUI;235
236;5001;MEDELLIN;236
237;5360;ITAGUI;237
238;5266;ENVIGADO;238
239;5001;MEDELLIN;239
240;5483;NARIÑO;240
241;5088;BELLO;241
242;5001;MEDELLIN;242
243;5001;MEDELLIN;243
244;5266;ENVIGADO;244
245;5001;MEDELLIN;245
246;5615;RIONEGRO;246
247;5088;BELLO;247
248;5001;MEDELLIN;248
249;5631;SABANETA;249
250;5001;MEDELLIN;250
251;5088;BELLO;251
252;5001;MEDELLIN;252
253;5266;ENVIGADO;253
254;5001;MEDELLIN;254
255;5266;ENVIGADO;255
256;5001;MEDELLIN;256
257;5088;BELLO;257
258;5147;CAREPA;258
259;5360;ITAGUI;259
260;5615;RIONEGRO;260
261;5088;BELLO;261
262;5615;RIONEGRO;262
263;5615;RIONEGRO;263
264;5001;MEDELLIN;264
265;5308;GIRARDOTA;265
266;5266;ENVIGADO;266
267;5360;ITAGUI;267
268;5001;MEDELLIN;268
269;5001;MEDELLIN;269
270;5360;ITAGUI;270
271;5360;ITAGUI;271
272;5001;MEDELLIN;272
273;5001;DESCONOCIDO;273
274;5001;MEDELLIN;274
275;5615;RIONEGRO;275
276;5001;MEDELLIN;276
277;5001;MEDELLIN;277
278;5148;EL CARMEN DE VIBORAL;278
279;5440;MARINILLA;279
280;5001;MEDELLIN;280
281;5001;MEDELLIN;281
282;5001;MEDELLIN;282
283;5001;MEDELLIN;283
284;5631;SABANETA;284
285;5001;MEDELLIN;285
286;5001;MEDELLIN;286
287;5001;MEDELLIN;287
288;5001;MEDELLIN;288
289;5615;RIONEGRO;289
290;5129;CALDAS;290
291;5212;COPACABANA;291
292;5001;MEDELLIN;292
293;5088;BELLO;293
294;5088;BELLO;294
295;5266;ENVIGADO;295
296;5001;MEDELLIN;296
297;5001;MEDELLIN;297
298;5380;LA ESTRELLA;298
299;5001;MEDELLIN;299
300;5001;MEDELLIN;300
301;5001;MEDELLIN;301
302;5615;RIONEGRO;302
303;5360;ITAGUI;303
304;5266;ENVIGADO;304
305;5001;MEDELLIN;305
306;5079;BARBOSA;306
307;5088;BELLO;307
308;5001;MEDELLIN;308
309;5172;CHIGORODO;309
310;5360;ITAGUI;310
311;5376;LA CEJA;311
312;5615;RIONEGRO;312
313;5631;SABANETA;313
314;5001;MEDELLIN;314
315;5001;MEDELLIN;315
316;5308;GIRARDOTA;316
317;5376;LA CEJA;317
318;23807;TIERRALTA;318
319;41001;NEIVA;319
320;5001;MEDELLIN;320
321;5001;MEDELLIN;321
322;5266;ENVIGADO;322
323;5266;ENVIGADO;323
324;5001;MEDELLIN;324
325;5212;COPACABANA;325
326;5001;MEDELLIN;326
327;5001;MEDELLIN;327
328;5360;ITAGUI;328
329;5607;RETIRO;329
330;5321;GUATAPE;330
331;5088;BELLO;331
332;5001;MEDELLIN;332
333;5088;BELLO;333
334;5001;MEDELLIN;334
335;5001;MEDELLIN;335
336;5001;MEDELLIN;336
337;5376;LA CEJA;337
338;5001;MEDELLIN;338
339;5001;MEDELLIN;339
340;5001;MEDELLIN;340
341;5001;MEDELLIN;341
342;5045;APARTADO;342
343;5088;BELLO;343
344;5129;CALDAS;344
345;5088;BELLO;345
346;5001;MEDELLIN;346
347;5631;SABANETA;347
348;5001;MEDELLIN;348
349;5001;MEDELLIN;349
350;5001;MEDELLIN;350
351;5266;ENVIGADO;351
352;5001;MEDELLIN;352
353;5380;LA ESTRELLA;353
354;5001;MEDELLIN;354
355;5001;MEDELLIN;355
356;5129;CALDAS;356
357;5615;RIONEGRO;357
358;5001;MEDELLIN;358
359;5001;MEDELLIN;359
360;5001;MEDELLIN;360
361;5001;MEDELLIN;361
362;5001;MEDELLIN;362
363;23001;MONTERIA;363
364;5148;EL CARMEN DE VIBORAL;364
365;5266;ENVIGADO;365
366;5001;MEDELLIN;366
367;5679;SANTA BARBARA;367
368;5001;MEDELLIN;368
369;5001;MEDELLIN;369
370;5631;SABANETA;370
371;5001;MEDELLIN;371
372;5380;LA ESTRELLA;372
373;5360;ITAGUI;373
374;5036;ANGELOPOLIS;374
375;5631;SABANETA;375
376;5001;MEDELLIN;376
377;5360;ITAGUI;377
378;5001;MEDELLIN;378
379;5440;MARINILLA;379
380;5789;TAMESIS;380
381;5001;MEDELLIN;381
382;5088;BELLO;382
383;5360;ITAGUI;383
384;5212;COPACABANA;384
385;5001;MEDELLIN;385
386;5282;FREDONIA;386
387;5001;MEDELLIN;387
388;5631;SABANETA;388
389;5368;JERICO;389
390;5001;MEDELLIN;390
391;5360;ITAGUI;391
392;5615;RIONEGRO;392
393;5266;ENVIGADO;393
394;5001;MEDELLIN;394
395;5360;ITAGUI;395
396;5001;MEDELLIN;396
397;5001;MEDELLIN;397
398;5001;MEDELLIN;398
399;5001;MEDELLIN;399
400;5088;BELLO;400
401;5001;MEDELLIN;401
402;17777;SUPIA;402
403;5615;RIONEGRO;403
404;5631;SABANETA;404
405;5001;MEDELLIN;405
406;5380;LA ESTRELLA;406
407;5001;MEDELLIN;407
408;5088;BELLO;408
409;5001;MEDELLIN;409
410;5631;SABANETA;410
411;5266;ENVIGADO;411
412;5001;MEDELLIN;412
413;5001;MEDELLIN;413
414;5001;MEDELLIN;414
415;5360;ITAGUI;415
416;5001;MEDELLIN;416
417;5001;MEDELLIN;417
418;5001;MEDELLIN;418
419;5001;MEDELLIN;419
420;5266;ENVIGADO;420
421;5467;MONTEBELLO;421
422;5001;MEDELLIN;422
423;5001;MEDELLIN;423
424;5001;MEDELLIN;424
425;5001;MEDELLIN;425
426;5001;MEDELLIN;426
427;5631;SABANETA;427
428;5001;MEDELLIN;428
429;5001;MEDELLIN;429
430;5001;MEDELLIN;430
431;5088;BELLO;431
432;5001;MEDELLIN;432
433;5674;SAN VICENTE;433
434;5001;MEDELLIN;434
435;5001;MEDELLIN;435
436;5001;MEDELLIN;436
437;5001;MEDELLIN;437
438;5001;MEDELLIN;438
439;5266;ENVIGADO;439
440;5360;ITAGUI;440
441;5001;MEDELLIN;441
442;5001;MEDELLIN;442
443;5001;MEDELLIN;443
444;5001;MEDELLIN;444
445;5001;MEDELLIN;445
446;5172;CHIGORODO;446
447;5001;MEDELLIN;447
448;5001;MEDELLIN;448
449;5001;DESCONOCIDO;449
450;5001;MEDELLIN;450
451;5001;MEDELLIN;451
452;5036;ANGELOPOLIS;452
453;5308;GIRARDOTA;453
454;5001;MEDELLIN;454
455;5001;MEDELLIN;455
456;5360;ITAGUI;456
457;5615;RIONEGRO;457
458;5001;MEDELLIN;458
459;5001;MEDELLIN;459
460;5318;GUARNE;460
461;5034;ANDES;461
462;5360;ITAGUI;462
463;5001;MEDELLIN;463
464;5113;BURITICA;464
465;5001;MEDELLIN;465
466;5001;MEDELLIN;466
467;5380;LA ESTRELLA;467
468;5360;ITAGUI;468
469;5001;MEDELLIN;469
470;5001;MEDELLIN;470
471;5001;MEDELLIN;471
472;5001;MEDELLIN;472
473;5148;EL CARMEN DE VIBORAL;473
474;5360;ITAGUI;474
475;5147;CAREPA;475
476;5376;LA CEJA;476
477;5001;MEDELLIN;477
478;5001;MEDELLIN;478
479;5001;MEDELLIN;479
480;5266;ENVIGADO;480
481;5001;MEDELLIN;481
482;5088;BELLO;482
483;5001;MEDELLIN;483
484;5129;CALDAS;484
485;5615;RIONEGRO;485
486;5001;MEDELLIN;486
487;5631;SABANETA;487
488;5001;MEDELLIN;488
489;5266;ENVIGADO;489
490;5360;ITAGUI;490
491;5001;MEDELLIN;491
492;5147;CAREPA;492
493;5212;COPACABANA;493
494;5664;SAN PEDRO;494
495;5615;RIONEGRO;495
496;5380;LA ESTRELLA;496
497;5001;MEDELLIN;497
498;5148;EL CARMEN DE VIBORAL;498
499;5631;SABANETA;499
500;5001;MEDELLIN;500
501;5001;MEDELLIN;501
502;5001;MEDELLIN;502
503;5001;MEDELLIN;503
504;5789;TAMESIS;504
505;5001;MEDELLIN;505
506;5129;CALDAS;506
507;5001;MEDELLIN;507
508;5031;AMALFI;508
509;5129;CALDAS;509
510;5088;BELLO;510
511;5088;BELLO;511
512;5212;COPACABANA;512
513;5147;CAREPA;513
514;5001;MEDELLIN;514
515;5001;MEDELLIN;515
516;5615;RIONEGRO;516
517;5088;BELLO;517
518;5001;MEDELLIN;518
519;5001;MEDELLIN;519
520;5001;MEDELLIN;520
521;5656;SAN JERONIMO;521
522;5001;MEDELLIN;522
523;5360;ITAGUI;523
524;5088;BELLO;524
525;5079;BARBOSA;525
526;5631;SABANETA;526
527;5001;MEDELLIN;527
528;5001;MEDELLIN;528
529;5001;MEDELLIN;529
530;5266;ENVIGADO;530
531;5001;MEDELLIN;531
532;5001;MEDELLIN;532
533;5129;CALDAS;533
534;5088;BELLO;534
535;5088;BELLO;535
536;5001;MEDELLIN;536
537;5790;TARAZA;537
538;5360;ITAGUI;538
539;5001;MEDELLIN;539
540;5129;CALDAS;540
541;5129;CALDAS;541
542;5631;SABANETA;542
543;5631;SABANETA;543
544;5001;MEDELLIN;544
545;5001;MEDELLIN;545
546;5001;MEDELLIN;546
547;5001;MEDELLIN;547
548;5001;MEDELLIN;548
549;5088;BELLO;549
550;5001;MEDELLIN;550
551;5266;ENVIGADO;551
552;5001;MEDELLIN;552
553;5212;COPACABANA;553
554;5001;MEDELLIN;554
555;5088;BELLO;555
556;5001;DESCONOCIDO;556
557;13001;CARTAGENA;557
558;5001;MEDELLIN;558
559;5266;ENVIGADO;559
560;5631;SABANETA;560
561;5266;ENVIGADO;561
562;5360;ITAGUI;562
563;5088;BELLO;563
564;5001;MEDELLIN;564
565;5664;SAN PEDRO;565
566;5001;MEDELLIN;566
567;5088;BELLO;567
568;5440;MARINILLA;568
569;5001;MEDELLIN;569
570;5001;MEDELLIN;570
571;5615;RIONEGRO;571
572;5088;BELLO;572
573;5001;MEDELLIN;573
574;5308;GIRARDOTA;574
575;5001;MEDELLIN;575
576;5088;BELLO;576
577;5001;MEDELLIN;577
578;5001;MEDELLIN;578
579;5615;RIONEGRO;579
580;5615;RIONEGRO;580
581;5001;MEDELLIN;581
582;5001;MEDELLIN;582
583;5212;COPACABANA;583
584;5321;GUATAPE;584
585;5318;GUARNE;585
586;5001;MEDELLIN;586
587;5001;MEDELLIN;587
588;5088;BELLO;588
589;5001;MEDELLIN;589
590;70215;COROZAL;590
591;5001;MEDELLIN;591
592;5001;MEDELLIN;592
593;5789;TAMESIS;593
594;5308;GIRARDOTA;594
595;5001;MEDELLIN;595
596;5001;MEDELLIN;596
597;5001;MEDELLIN;597
598;5001;MEDELLIN;598
599;5266;ENVIGADO;599
600;5001;MEDELLIN;600
601;5376;LA CEJA;601
602;5001;MEDELLIN;602
603;5001;MEDELLIN;603
604;5308;GIRARDOTA;604
605;5308;GIRARDOTA;605
606;5001;MEDELLIN;606
607;5631;SABANETA;607
608;5212;COPACABANA;608
609;5306;GIRALDO;609
610;5001;MEDELLIN;610
611;5360;ITAGUI;611
612;5129;CALDAS;612
613;5380;LA ESTRELLA;613
614;5380;LA ESTRELLA;614
615;5756;SONSON;615
616;5360;ITAGUI;616
617;5001;MEDELLIN;617
618;5321;GUATAPE;618
619;5001;MEDELLIN;619
620;5088;BELLO;620
621;5380;LA ESTRELLA;621
622;5001;MEDELLIN;622
623;5088;BELLO;623
624;5001;MEDELLIN;624
625;5001;MEDELLIN;625
626;5001;MEDELLIN;626
627;5001;MEDELLIN;627
628;5088;BELLO;628
629;5001;MEDELLIN;629
630;5360;ITAGUI;630
631;5001;MEDELLIN;631
632;5001;MEDELLIN;632
633;5088;BELLO;633
634;5001;MEDELLIN;634
635;5001;MEDELLIN;635
636;5001;MEDELLIN;636
637;5380;LA ESTRELLA;637
638;5079;BARBOSA;638
639;5001;MEDELLIN;639
640;5001;MEDELLIN;640
641;5001;MEDELLIN;641
642;5001;MEDELLIN;642
643;5001;MEDELLIN;643
644;5001;MEDELLIN;644
645;5440;MARINILLA;645
646;5001;MEDELLIN;646
647;5001;MEDELLIN;647
648;5034;ANDES;648
649;5380;LA ESTRELLA;649
650;5001;MEDELLIN;650
651;5001;MEDELLIN;651
652;5212;COPACABANA;652
653;5129;CALDAS;653
654;5001;MEDELLIN;654
655;5088;BELLO;655
656;5308;GIRARDOTA;656
657;5266;ENVIGADO;657
658;5266;ENVIGADO;658
659;5001;MEDELLIN;659
660;5088;BELLO;660
661;5079;BARBOSA;661
662;5001;MEDELLIN;662
663;5360;ITAGUI;663
664;5001;MEDELLIN;664
665;5088;BELLO;665
666;5001;MEDELLIN;666
667;5001;MEDELLIN;667
668;5674;SAN VICENTE;668
669;5360;ITAGUI;669
670;5001;MEDELLIN;670
671;5001;MEDELLIN;671
672;5129;CALDAS;672
673;5360;ITAGUI;673
674;5380;LA ESTRELLA;674
675;5088;BELLO;675
676;5088;BELLO;676
677;5045;APARTADO;677
678;5483;NARIÑO;678
679;5001;MEDELLIN;679
680;5001;MEDELLIN;680
681;5031;AMALFI;681
682;5129;CALDAS;682
683;5001;MEDELLIN;683
684;5079;BARBOSA;684
685;5088;BELLO;685
686;5001;MEDELLIN;686
687;5380;LA ESTRELLA;687
688;5088;BELLO;688
689;5308;GIRARDOTA;689
690;5147;CAREPA;690
691;5148;EL CARMEN DE VIBORAL;691
692;5001;MEDELLIN;692
693;5001;MEDELLIN;693
694;5001;MEDELLIN;694
695;5088;BELLO;695
696;5088;BELLO;696
697;5001;MEDELLIN;697
698;5001;MEDELLIN;698
699;5001;MEDELLIN;699
700;5001;MEDELLIN;700
701;5088;BELLO;701
702;5001;MEDELLIN;702
703;5147;MEDELLIN;703
704;5088;MEDELLIN;704
705;5125;ENVIGADO;705
706;5001;ENVIGADO;706
707;5001;MEDELLIN;707
708;5079;ITAGUI;708
709;5001;ITAGUI;709
710;5665;MEDELLIN;710
711;5001;MEDELLIN;711
712;5266;BELLO;712
713;5360;DESCONOCIDO;713
714;5380;MARINILLA;714
715;5001;DESCONOCIDO;715
716;5001;MEDELLIN;716
717;27075;ENVIGADO;717
718;5001;MEDELLIN;718
719;5001;MEDELLIN;719
720;5360;BELLO;720
721;5001;DABEIBA;721
722;5380;APARTADO;722
723;5001;ITAGUI;723
724;5001;MEDELLIN;724
725;5147;MEDELLIN;725
726;5001;MEDELLIN;726
727;5088;MEDELLIN;727
728;5266;CALDAS;728
729;5001;LA ESTRELLA;729
730;5001;RIONEGRO;730
731;5001;MEDELLIN;731
732;5360;APARTADO;732
733;5615;MEDELLIN;733
734;5615;MEDELLIN;734
735;5212;COPACABANA;735
736;5001;MEDELLIN;736
737;5001;MEDELLIN;737
738;5631;MEDELLIN;738
739;5001;CHIGORODO;739
740;5001;BELLO;740
741;5360;MEDELLIN;741
742;5360;MEDELLIN;742
743;5266;MEDELLIN;743
744;5001;MEDELLIN;744
745;5001;CAREPA;745
746;5001;MEDELLIN;746
747;5380;MEDELLIN;747
748;5001;MEDELLIN;748
749;5001;MEDELLIN;749
750;5360;ENVIGADO;750
751;5001;ITAGUI;751
752;5001;BELLO;752
753;5001;SABANETA;753
754;5001;MEDELLIN;754
755;5001;SABANETA;755
756;5360;MEDELLIN;756
757;5001;MEDELLIN;757
758;5756;MEDELLIN;758
759;5045;BELLO;759
760;5001;ITAGUI;760
761;5360;MEDELLIN;761
762;5001;ITAGUI;762
763;5001;MEDELLIN;763
764;5360;ITAGUI;764
765;5615;BARBOSA;765
766;5656;MEDELLIN;766
767;5001;MEDELLIN;767
768;5001;MEDELLIN;768
769;5001;ITAGUI;769
770;5360;CALDAS;770
771;5001;SABANETA;771
772;5001;MEDELLIN;772
773;5615;MEDELLIN;773
774;5088;COPACABANA;774
775;5615;MEDELLIN;775
776;5088;MEDELLIN;776
777;5308;ITAGUI;777
778;5001;LA ESTRELLA;778
779;5360;MONTELIBANO;779
780;5001;MEDELLIN;780
781;5001;MEDELLIN;781
782;5001;LA PINTADA;782
783;5380;MEDELLIN;783
784;5129;ITAGUI;784
785;5001;BELLO;785
786;5001;MEDELLIN;786
787;5001;MUTATA;787
788;5360;BARBOSA;788
789;5001;ITAGUI;789
790;5001;MEDELLIN;790
791;5380;MEDELLIN;791
792;5001;ITAGUI;792
793;5001;MEDELLIN;793
794;5172;ENVIGADO;794
795;5318;COPACABANA;795
796;5615;MEDELLIN;796
797;5686;MEDELLIN;797
798;5129;CHIGORODO;798
799;5079;ENVIGADO;799
800;5615;MARINILLA;800
801;5266;CHIGORODO;801
802;5282;MEDELLIN;802
803;5360;ITAGUI;803
804;5615;MEDELLIN;804
805;5440;MEDELLIN;805
806;5376;MEDELLIN;806
807;5088;MEDELLIN;807
808;5380;EL CARMEN DE VIBORAL;808
809;5001;MEDELLIN;809
810;5001;MEDELLIN;810
811;5001;ITAGUI;811
812;5001;MEDELLIN;812
813;5001;MEDELLIN;813
814;5615;BELLO;814
815;5001;CHIGORODO;815
816;5631;CAROLINA;816
817;5001;SANTA ROSA DE OSOS;817
818;5360;COPACABANA;818
819;5001;MEDELLIN;819
820;5001;BELLO;820
821;5001;MEDELLIN;821
822;5212;LA CEJA;822
823;5631;MEDELLIN;823
824;5045;MEDELLIN;824
825;5360;RIONEGRO;825
826;5266;MEDELLIN;826
827;5674;COPACABANA;827
828;5001;MEDELLIN;828
829;5129;MEDELLIN;829
830;5148;SABANETA;830
831;5360;BELLO;831
832;5360;SAN ROQUE;832
833;5001;MEDELLIN;833
834;5045;MEDELLIN;834
835;5266;MEDELLIN;835
836;5147;MEDELLIN;836
837;5001;PUERTO NARE;837
838;5266;MEDELLIN;838
839;5147;ENVIGADO;839
840;5360;AIPE;840
841;5147;MEDELLIN;841
842;5837;MEDELLIN;842
843;5045;COPACABANA;843
844;5615;CALDAS;844
845;5686;MEDELLIN;845
846;5001;ITAGUI;846
847;5147;ITAGUI;847
848;5038;SABANETA;848
849;5664;ITAGUI;849
850;5376;CALDAS;850
851;5001;LA ESTRELLA;851
852;5360;MEDELLIN;852
853;5001;MEDELLIN;853
854;5088;MEDELLIN;854
855;5440;MEDELLIN;855
856;5001;MEDELLIN;856
857;5001;MEDELLIN;857
858;5579;MEDELLIN;858
859;5001;ITAGUI;859
860;5045;BELLO;860
861;5360;MEDELLIN;861
862;5380;MEDELLIN;862
863;5001;MEDELLIN;863
864;5001;MEDELLIN;864
865;5088;MEDELLIN;865
866;5172;EL CARMEN DE VIBORAL;866
867;5212;MEDELLIN;867
868;5001;ITAGUI;868
869;5321;MEDELLIN;869
870;5001;MEDELLIN;870
871;5266;MEDELLIN;871
872;5615;APARTADO;872
873;5001;ENVIGADO;873
874;5147;LA ESTRELLA;874
875;5001;ANGELOPOLIS;875
876;5631;MEDELLIN;876
877;5001;MEDELLIN;877
878;5440;MEDELLIN;878
879;11001;ITAGUI;879
880;5088;BELLO;880
881;5360;MEDELLIN;881
882;5001;MEDELLIN;882
883;5088;ENVIGADO;883
884;5001;MEDELLIN;884
885;5001;MEDELLIN;885
886;5001;RIONEGRO;886
887;5360;BELLO;887
888;5615;CALDAS;888
889;5001;MEDELLIN;889
890;5001;MEDELLIN;890
891;5001;MEDELLIN;891
892;5088;MEDELLIN;892
893;5001;ITAGUI;893
894;5440;MEDELLIN;894
895;5088;FRONTINO;895
896;5440;MEDELLIN;896
897;5212;CAREPA;897
898;5264;GIRARDOTA;898
899;5001;MEDELLIN;899
900;5615;RIONEGRO;900
901;5001;MEDELLIN;901
902;5001;MEDELLIN;902
903;5172;ITAGUI;903
904;5001;MEDELLIN;904
905;5001;MEDELLIN;905
906;5001;MARINILLA;906
907;5607;BELLO;907
908;5001;DESCONOCIDO;908
909;5001;MEDELLIN;909
910;5001;MEDELLIN;910
911;5088;RETIRO;911
912;5001;LA ESTRELLA;912
913;5001;MEDELLIN;913
914;5308;ITAGUI;914
915;5615;BELLO;915
916;5001;MEDELLIN;916
917;5212;MEDELLIN;917
918;5607;MEDELLIN;918
919;5088;MEDELLIN;919
920;5001;BELLO;920
921;5001;RIONEGRO;921
922;5360;BELLO;922
923;5001;GIRARDOTA;923
924;5001;MEDELLIN;924
925;5212;MEDELLIN;925
926;5266;CHIGORODO;926
927;5360;BELLO;927
928;5212;MEDELLIN;928
929;5001;MEDELLIN;929
930;5001;MEDELLIN;930
931;5001;CALDAS;931
932;5001;SABANETA;932
933;5360;MEDELLIN;933
934;5001;BELLO;934
935;5380;MARINILLA;935
936;5001;EL CARMEN DE VIBORAL;936
937;5360;BELLO;937
938;5001;MEDELLIN;938
939;5360;MEDELLIN;939
940;5266;FREDONIA;940
941;5001;MEDELLIN;941
942;5483;MEDELLIN;942
943;5088;MEDELLIN;943
944;5001;MEDELLIN;944
945;5001;MEDELLIN;945
946;5266;MEDELLIN;946
947;5001;BELLO;947
948;5615;MEDELLIN;948
949;5088;MEDELLIN;949
950;5001;MEDELLIN;950
951;5631;ENVIGADO;951
952;5001;GIRARDOTA;952
953;5088;MEDELLIN;953
954;5001;MUTATA;954
955;5266;MEDELLIN;955
956;5001;MEDELLIN;956
957;5266;MARINILLA;957
958;5001;MEDELLIN;958
959;5088;ARMENIA;959
960;5147;MEDELLIN;960
961;5360;MEDELLIN;961
962;5615;ENVIGADO;962
963;5088;EL CARMEN DE VIBORAL;963
964;5615;MEDELLIN;964
965;5615;MEDELLIN;965
966;5001;MEDELLIN;966
967;5308;ENVIGADO;967
968;5266;MEDELLIN;968
969;5360;MEDELLIN;969
970;5001;ITAGUI;970
971;5001;COPACABANA;971
972;5360;MEDELLIN;972
973;5360;MEDELLIN;973
974;5001;MEDELLIN;974
975;5001;BARBOSA;975
976;5001;MEDELLIN;976
977;5615;BELLO;977
978;5001;MEDELLIN;978
979;5001;MEDELLIN;979
980;5148;MEDELLIN;980
981;5440;COPACABANA;981
982;5001;BELLO;982
983;5001;MEDELLIN;983
984;5001;REMEDIOS;984
985;5001;SANTA BARBARA;985
986;5631;MEDELLIN;986
987;5001;MEDELLIN;987
988;5001;MEDELLIN;988
989;5001;MEDELLIN;989
990;5001;MEDELLIN;990
991;5615;ITAGUI;991
992;5129;CHIGORODO;992
993;5212;MEDELLIN;993
994;5001;CALDAS;994
995;5088;APARTADO;995
996;5088;MEDELLIN;996
997;5266;BELLO;997
998;5001;RETIRO;998
999;5001;MEDELLIN;999
1000;5380;CALDAS;1000
1001;5001;MEDELLIN;1001
1002;5001;ENVIGADO;1002
1003;5001;MEDELLIN;1003
1004;5615;MEDELLIN;1004
1005;5360;MEDELLIN;1005
1006;5266;BELLO;1006
1007;5001;MEDELLIN;1007
1008;5079;ENVIGADO;1008
1009;5088;MEDELLIN;1009
1010;5001;BELLO;1010
1011;5172;SAN VICENTE;1011
1012;5360;ITAGUI;1012
1013;5376;MARINILLA;1013
1014;5615;MEDELLIN;1014
1015;5631;MEDELLIN;1015
1016;5001;ITAGUI;1016
1017;5001;BELLO;1017
1018;5308;MEDELLIN;1018
1019;5376;ITAGUI;1019
1020;23807;MEDELLIN;1020
1021;41001;MEDELLIN;1021
1022;5001;BELLO;1022
1023;5001;CAREPA;1023
1024;5266;RETIRO;1024
1025;5266;LA ESTRELLA;1025
1026;5001;MEDELLIN;1026
1027;5212;SABANETA;1027
1028;5001;MEDELLIN;1028
1029;5001;MEDELLIN;1029
1030;5360;RIONEGRO;1030
1031;5607;MEDELLIN;1031
1032;5321;ITAGUI;1032
1033;5088;MEDELLIN;1033
1034;5001;APARTADO;1034
1035;5088;MEDELLIN;1035
1036;5001;ITAGUI;1036
1037;5001;MEDELLIN;1037
1038;5001;TURBO;1038
1039;5376;SABANETA;1039
1040;5001;MEDELLIN;1040
1041;5001;ITAGUI;1041
1042;5001;MEDELLIN;1042
1043;5001;SAN MIGUEL;1043
1044;5045;ENVIGADO;1044
1045;5088;IPIALES;1045
1046;5129;ITAGUI;1046
1047;5088;SABANETA;1047
1048;5001;MEDELLIN;1048
1049;5631;ITAGUI;1049
1050;5001;MEDELLIN;1050
1051;5001;MEDELLIN;1051
1052;5001;RIONEGRO;1052
1053;5266;MEDELLIN;1053
1054;5001;JERICO;1054
1055;5380;LA CEJA;1055
1056;5001;MEDELLIN;1056
1057;5001;BELLO;1057
1058;5129;MEDELLIN;1058
1059;5615;DON MATIAS;1059
1060;5001;MEDELLIN;1060
1061;5001;MEDELLIN;1061
1062;5001;MEDELLIN;1062
1063;5001;MEDELLIN;1063
1064;5001;MEDELLIN;1064
1065;23001;SAN ROQUE;1065
1066;5148;ENVIGADO;1066
1067;5266;BELLO;1067
1068;5001;MEDELLIN;1068
1069;5679;CONCEPCION;1069
1070;5001;ITAGUI;1070
1071;5001;CALDAS;1071
1072;5631;BELLO;1072
1073;5001;MEDELLIN;1073
1074;5380;MEDELLIN;1074
1075;5360;MEDELLIN;1075
1076;5036;BARBOSA;1076
1077;5631;MEDELLIN;1077
1078;5001;AMAGA;1078
1079;5360;EL CARMEN DE VIBORAL;1079
1080;5001;MEDELLIN;1080
1081;5440;ENVIGADO;1081
1082;5789;ENVIGADO;1082
1083;5001;MEDELLIN;1083
1084;5088;ENVIGADO;1084
1085;5360;MEDELLIN;1085
1086;5212;COPACABANA;1086
1087;5001;MEDELLIN;1087
1088;5282;BELLO;1088
1089;5001;GIRARDOTA;1089
1090;5631;MEDELLIN;1090
1091;5368;MARINILLA;1091
1092;5001;MEDELLIN;1092
1093;5360;MEDELLIN;1093
1094;5615;BELLO;1094
1095;5266;ITAGUI;1095
1096;5001;AMAGA;1096
1097;5360;CALDAS;1097
1098;5001;BARBOSA;1098
1099;5001;EL CARMEN DE VIBORAL;1099
1100;5001;MEDELLIN;1100
1101;5001;MEDELLIN;1101
1102;5088;RETIRO;1102
1103;5001;ENVIGADO;1103
1104;17777;MEDELLIN;1104
1105;5615;TAMESIS;1105
1106;5631;ITAGUI;1106
1107;5001;MEDELLIN;1107
1108;5380;MEDELLIN;1108
1109;5001;MEDELLIN;1109
1110;5088;BELLO;1110
1111;5001;MEDELLIN;1111
1112;5631;MEDELLIN;1112
1113;5266;LA CEJA;1113
1114;5001;MEDELLIN;1114
1115;5001;MEDELLIN;1115
1116;5001;MEDELLIN;1116
1117;5360;CALDAS;1117
1118;5001;BELLO;1118
1119;5001;MEDELLIN;1119
1120;5001;BELLO;1120
1121;5001;BELLO;1121
1122;5266;RIONEGRO;1122
1123;5467;MEDELLIN;1123
1124;5001;MEDELLIN;1124
1125;5001;RIONEGRO;1125
1126;5001;MEDELLIN;1126
1127;5001;ITAGUI;1127
1128;5001;BOGOTA D.C.;1128
1129;5631;MEDELLIN;1129
1130;5001;MEDELLIN;1130
1131;5001;MEDELLIN;1131
1132;5001;BARBOSA;1132
1133;5088;MEDELLIN;1133
1134;5001;BELLO;1134
1135;5674;MEDELLIN;1135
1136;5001;CAREPA;1136
1137;5001;MEDELLIN;1137
1138;5001;MEDELLIN;1138
1139;5001;MEDELLIN;1139
1140;5001;CALDAS;1140
1141;5266;ENVIGADO;1141
1142;5360;CALDAS;1142
1143;5001;ENVIGADO;1143
1144;5001;MEDELLIN;1144
1145;5001;MEDELLIN;1145
1146;5001;ITAGUI;1146
1147;5001;MEDELLIN;1147
1148;5172;MEDELLIN;1148
1149;5001;MEDELLIN;1149
1150;5001;MEDELLIN;1150
1151;5001;LA CEJA;1151
1152;5001;GIRARDOTA;1152
1153;5001;COPACABANA;1153
1154;5036;MEDELLIN;1154
1155;5308;CAREPA;1155
1156;5001;MEDELLIN;1156
1157;5001;CHIGORODO;1157
1158;5360;MEDELLIN;1158
1159;5615;MEDELLIN;1159
1160;5001;MEDELLIN;1160
1161;5001;MEDELLIN;1161
1162;5318;LA ESTRELLA;1162
1163;5034;MEDELLIN;1163
1164;5360;BELLO;1164
1165;5001;MEDELLIN;1165
1166;5113;MEDELLIN;1166
1167;5001;ITAGUI;1167
1168;5001;CALDAS;1168
1169;5380;MEDELLIN;1169
1170;5360;MEDELLIN;1170
1171;5001;CHIGORODO;1171
1172;5001;MEDELLIN;1172
1173;5001;MEDELLIN;1173
1174;5001;BELLO;1174
1175;5148;MEDELLIN;1175
1176;5360;BELLO;1176
1177;5147;MEDELLIN;1177
1178;5376;MEDELLIN;1178
1179;5001;ENVIGADO;1179
1180;5001;BELLO;1180
1181;5001;CIUDAD BOLIVAR;1181
1182;5266;MEDELLIN;1182
1183;5001;MEDELLIN;1183
1184;5088;MEDELLIN;1184
1185;5001;LA ESTRELLA;1185
1186;5129;MEDELLIN;1186
1187;5615;LA ESTRELLA;1187
1188;5001;BELLO;1188
1189;5631;ITAGUI;1189
1190;5001;MEDELLIN;1190
1191;5266;BELLO;1191
1192;5360;PUERTO TRIUNFO;1192
1193;5001;PUERTO BOYACA;1193
1194;5147;ENVIGADO;1194
1195;5212;MEDELLIN;1195
1196;5664;MEDELLIN;1196
1197;5615;MEDELLIN;1197
1198;5380;MEDELLIN;1198
1199;5001;COPACABANA;1199
1200;5148;MEDELLIN;1200
1201;5631;MEDELLIN;1201
1202;5001;MEDELLIN;1202
1203;5001;MEDELLIN;1203
1204;5001;MEDELLIN;1204
1205;5001;LA ESTRELLA;1205
1206;5789;MEDELLIN;1206
1207;5001;MEDELLIN;1207
1208;5129;BELLO;1208
1209;5001;MEDELLIN;1209
1210;5031;LA CEJA;1210
1211;5129;MEDELLIN;1211
1212;5088;MARINILLA;1212
1213;5088;MEDELLIN;1213
1214;5212;COPACABANA;1214
1215;5147;MARINILLA;1215
1216;5001;BELLO;1216
1217;5001;BELLO;1217
1218;5615;MEDELLIN;1218
1219;5088;CALDAS;1219
1220;5001;COPACABANA;1220
1221;5001;MEDELLIN;1221
1222;5001;BELLO;1222
1223;5656;GIRALDO;1223
1224;5001;MEDELLIN;1224
1225;5360;MEDELLIN;1225
1226;5088;BELLO;1226
1227;5079;MEDELLIN;1227
1228;5631;MEDELLIN;1228
1229;5001;MEDELLIN;1229
1230;5001;MEDELLIN;1230
1231;5001;ENVIGADO;1231
1232;5266;CALDAS;1232
1233;5001;MEDELLIN;1233
1234;5001;MEDELLIN;1234
1235;5129;EL BAGRE;1235
1236;5088;BELLO;1236
1237;5088;MEDELLIN;1237
1238;5001;ITAGUI;1238
1239;5790;LA ESTRELLA;1239
1240;5360;MEDELLIN;1240
1241;5001;ITAGUI;1241
1242;5129;CALDAS;1242
1243;5129;ITAGUI;1243
1244;5631;RIONEGRO;1244
1245;5631;MEDELLIN;1245
1246;5001;LA ESTRELLA;1246
1247;5001;ITAGUI;1247
1248;5001;BELLO;1248
1249;5001;MEDELLIN;1249
1250;5001;BELLO;1250
1251;5088;MEDELLIN;1251
1252;5001;MEDELLIN;1252
1253;5266;MARIQUITA;1253
1254;5001;DON MATIAS;1254
1255;5212;MEDELLIN;1255
1256;5001;ITAGUI;1256
1257;5088;SABANETA;1257
1258;5001;MEDELLIN;1258
1259;13001;MEDELLIN;1259
1260;5001;MEDELLIN;1260
1261;5266;MEDELLIN;1261
1262;5631;ENVIGADO;1262
1263;5266;MEDELLIN;1263
1264;5360;LA ESTRELLA;1264
1265;5088;COPACABANA;1265
1266;5001;LA CEJA;1266
1267;5664;MEDELLIN;1267
1268;5001;MEDELLIN;1268
1269;5088;MEDELLIN;1269
1270;5440;RIONEGRO;1270
1271;5001;MEDELLIN;1271
1272;5001;BELLO;1272
1273;5615;MEDELLIN;1273
1274;5088;MEDELLIN;1274
1275;5001;MEDELLIN;1275
1276;5308;MEDELLIN;1276
1277;5001;MEDELLIN;1277
1278;5088;MEDELLIN;1278
1279;5001;MEDELLIN;1279
1280;5001;ITAGUI;1280
1281;5615;MEDELLIN;1281
1282;5615;MEDELLIN;1282
1283;5001;MEDELLIN;1283
1284;5001;MEDELLIN;1284
1285;5212;EL CARMEN DE VIBORAL;1285
1286;5321;MEDELLIN;1286
1287;5318;MEDELLIN;1287
1288;5001;ENVIGADO;1288
1289;5001;SANTA ROSA DE OSOS;1289
1290;5088;ITAGUI;1290
1291;5001;BELLO;1291
1292;70215;COPACABANA;1292
1293;5001;ITAGUI;1293
1294;5001;ITAGUI;1294
1295;5789;MEDELLIN;1295
1296;5308;ITAGUI;1296
1297;5001;SANTAFE DE ANTIOQUIA;1297
1298;5001;CALDAS;1298
1299;5001;MEDELLIN;1299
1300;5001;COPACABANA;1300
1301;5266;MEDELLIN;1301
1302;5001;MEDELLIN;1302
1303;5376;CALDAS;1303
1304;5001;RIONEGRO;1304
1305;5001;MEDELLIN;1305
1306;5308;DESCONOCIDO;1306
1307;5308;MEDELLIN;1307
1308;5001;RIONEGRO;1308
1309;5631;SANTA BARBARA;1309
1310;5212;BARBOSA;1310
1311;5306;MEDELLIN;1311
1312;5001;MEDELLIN;1312
1313;5360;MEDELLIN;1313
1314;5129;MEDELLIN;1314
1315;5380;MEDELLIN;1315
1316;5380;MEDELLIN;1316
1317;5756;ENVIGADO;1317
1318;5360;MEDELLIN;1318
1319;5001;MEDELLIN;1319
1320;5321;MEDELLIN;1320
1321;5001;MEDELLIN;1321
1322;5088;MEDELLIN;1322
1323;5380;MEDELLIN;1323
1324;5001;MEDELLIN;1324
1325;5088;BELLO;1325
1326;5001;BELLO;1326
1327;5001;MEDELLIN;1327
1328;5001;MEDELLIN;1328
1329;5001;MEDELLIN;1329
1330;5088;SABANETA;1330
1331;5001;LA ESTRELLA;1331
1332;5360;MEDELLIN;1332
1333;5001;SABANETA;1333
1334;5001;MEDELLIN;1334
1335;5088;ITAGUI;1335
1336;5001;MEDELLIN;1336
1337;5001;MEDELLIN;1337
1338;5001;MEDELLIN;1338
1339;5380;LA ESTRELLA;1339
1340;5079;MEDELLIN;1340
1341;5001;ITAGUI;1341
1342;5001;MEDELLIN;1342
1343;5001;MEDELLIN;1343
1344;5001;ITAGUI;1344
1345;5001;RIONEGRO;1345
1346;5001;MEDELLIN;1346
1347;5440;ITAGUI;1347
1348;5001;CAREPA;1348
1349;5001;CALDAS;1349
1350;5034;BELLO;1350
1351;5380;BELLO;1351
1352;5001;COPACABANA;1352
1353;5001;DESCONOCIDO;1353
1354;5212;ITAGUI;1354
1355;5129;MEDELLIN;1355
1356;5001;MEDELLIN;1356
1357;5088;MEDELLIN;1357
1358;5308;RIONEGRO;1358
1359;5266;LA ESTRELLA;1359
1360;5266;BELLO;1360
1361;5001;MEDELLIN;1361
1362;5088;MEDELLIN;1362
1363;5079;CHIGORODO;1363
1364;5001;MEDELLIN;1364
1365;5360;SANTA ROSA DE OSOS;1365
1366;5001;MEDELLIN;1366
1367;5088;BELLO;1367
1368;5001;ENVIGADO;1368
1369;5001;SABANETA;1369
1370;5674;CAREPA;1370
1371;5360;RIONEGRO;1371
1372;5001;MEDELLIN;1372
1373;5001;BELLO;1373
1374;5129;RIONEGRO;1374
1375;5360;EL CARMEN DE VIBORAL;1375
1376;5380;ENVIGADO;1376
1377;5088;MEDELLIN;1377
1378;5088;RIONEGRO;1378
1379;5045;BELLO;1379
1380;5483;ITAGUI;1380
1381;5001;COPACABANA;1381
1382;5001;RIONEGRO;1382
1383;5031;MEDELLIN;1383
1384;5129;VENECIA;1384
1385;5001;MEDELLIN;1385
1386;5079;MEDELLIN;1386
1387;5088;MEDELLIN;1387
1388;5001;MEDELLIN;1388
1389;5380;BELLO;1389
1390;5088;GIRARDOTA;1390
1391;5308;MEDELLIN;1391
1392;5147;MEDELLIN;1392
1393;5148;BELLO;1393
1394;5001;MEDELLIN;1394
1395;5001;MEDELLIN;1395
1396;5001;CALDAS;1396
1397;5088;CHIGORODO;1397
1398;5088;MEDELLIN;1398
1399;5001;MEDELLIN;1399
1400;5001;COPACABANA;1400
1401;5001;MEDELLIN;1401
1402;5001;LA UNION;1402
1403;5088;MEDELLIN;1403
1404;5001;MEDELLIN;1404
1405;5147;BELLO;1405
1406;5088;AMAGA;1406
1407;5125;EL CARMEN DE VIBORAL;1407
1408;5001;ENVIGADO;1408
1409;5001;MONTELIBANO;1409
1410;5079;MEDELLIN;1410
1411;5001;ITAGUI;1411
1412;5665;MEDELLIN;1412
1413;5001;ITAGUI;1413
1414;5266;MEDELLIN;1414
1415;5360;MEDELLIN;1415
1416;5380;MEDELLIN;1416
1417;5001;MEDELLIN;1417
1418;5001;BELLO;1418
1419;27075;RIONEGRO;1419
1420;5001;LA ESTRELLA;1420
1421;5001;SAN VICENTE;1421
1422;5360;MEDELLIN;1422
1423;5001;SANTO DOMINGO;1423
1424;5380;BELLO;1424
1425;5001;LA ESTRELLA;1425
1426;5001;MEDELLIN;1426
1427;5147;ITAGUI;1427
1428;5001;BELLO;1428
1429;5088;GIRARDOTA;1429
1430;5266;BELLO;1430
1431;5001;LA ESTRELLA;1431
1432;5001;LA CEJA;1432
1433;5001;SABANETA;1433
1434;5360;MACEO;1434
1435;5615;MEDELLIN;1435
1436;5615;MEDELLIN;1436
1437;5212;COPACABANA;1437
1438;5001;MEDELLIN;1438
1439;5001;BELLO;1439
1440;5631;MEDELLIN;1440
1441;5001;RIONEGRO;1441
1442;5001;RIONEGRO;1442
1443;5360;ITAGUI;1443
1444;5360;MEDELLIN;1444
1445;5266;BELLO;1445
1446;5001;MEDELLIN;1446
1447;5001;MEDELLIN;1447
1448;5001;MEDELLIN;1448
1449;5380;MEDELLIN;1449
1450;5001;MEDELLIN;1450
1451;5001;MEDELLIN;1451
1452;5360;MEDELLIN;1452
1453;5001;MEDELLIN;1453
1454;5001;ITAGUI;1454
1455;5001;EL CARMEN DE VIBORAL;1455
1456;5001;MEDELLIN;1456
1457;5001;BELLO;1457
1458;5360;ENVIGADO;1458
1459;5001;ITAGUI;1459
1460;5756;MEDELLIN;1460
1461;5045;MARINILLA;1461
1462;5001;ITAGUI;1462
1463;5360;BELLO;1463
1464;5001;ITAGUI;1464
1465;5001;CALDAS;1465
1466;5360;MEDELLIN;1466
1467;5615;CIUDAD BOLIVAR;1467
1468;5656;BELLO;1468
1469;5001;BELLO;1469
1470;5001;CALDAS;1470
1471;5001;MEDELLIN;1471
1472;5360;MEDELLIN;1472
1473;5001;MEDELLIN;1473
1474;5001;RIONEGRO;1474
1475;5615;BELLO;1475
1476;5088;ITAGUI;1476
1477;5615;MEDELLIN;1477
1478;5088;MEDELLIN;1478
1479;5308;MEDELLIN;1479
1480;5001;FREDONIA;1480
1481;5360;BELLO;1481
1482;5001;MEDELLIN;1482
1483;5001;DESCONOCIDO;1483
1484;5001;MEDELLIN;1484
1485;5380;MEDELLIN;1485
1486;5129;MEDELLIN;1486
1487;5001;LA CEJA;1487
1488;5001;BELLO;1488
1489;5001;MARINILLA;1489
1490;5360;ENVIGADO;1490
1491;5001;RETIRO;1491
1492;5001;BELMIRA;1492
1493;5380;EL CARMEN DE VIBORAL;1493
1494;5001;BELLO;1494
1495;5001;ITAGUI;1495
1496;5172;MEDELLIN;1496
1497;5318;ITAGUI;1497
1498;5615;MEDELLIN;1498
1499;5686;MEDELLIN;1499
1500;5129;MEDELLIN;1500
1501;5079;MEDELLIN;1501
1502;5615;MEDELLIN;1502
1503;5266;MEDELLIN;1503
1504;5282;BELLO;1504
1505;5360;CALDAS;1505
1506;5615;BELLO;1506
1507;5440;MEDELLIN;1507
1508;5376;MEDELLIN;1508
1509;5088;MEDELLIN;1509
1510;5380;MEDELLIN;1510
1511;5001;BELLO;1511
1512;5001;MEDELLIN;1512
1513;5001;SABANETA;1513
1514;5001;BELLO;1514
1515;5001;MEDELLIN;1515
1516;5615;MEDELLIN;1516
1517;5001;MEDELLIN;1517
1518;5631;MEDELLIN;1518
1519;5001;MEDELLIN;1519
1520;5360;ITAGUI;1520
1521;5001;MEDELLIN;1521
1522;5001;LA CEJA;1522
1523;5001;MEDELLIN;1523
1524;5212;LA ESTRELLA;1524
1525;5631;MEDELLIN;1525
1526;5045;TAMESIS;1526
1527;5360;BELLO;1527
1528;5266;LA UNION;1528
1529;5674;MEDELLIN;1529
1530;5001;MEDELLIN;1530
1531;5129;CALDAS;1531
1532;5148;PEÑOL;1532
1533;5360;LA ESTRELLA;1533
1534;5360;MEDELLIN;1534
1535;5001;BELLO;1535
1536;5045;BELLO;1536
1537;5266;ENVIGADO;1537
1538;5147;MEDELLIN;1538
1539;5001;BARBOSA;1539
1540;5266;MEDELLIN;1540
1541;5147;MEDELLIN;1541
1542;5360;MEDELLIN;1542
1543;5147;MEDELLIN;1543
1544;5837;MEDELLIN;1544
1545;5045;MEDELLIN;1545
1546;5615;MEDELLIN;1546
1547;5686;MEDELLIN;1547
1548;5001;MEDELLIN;1548
1549;5147;MEDELLIN;1549
1550;5038;ITAGUI;1550
1551;5664;ENVIGADO;1551
1552;5376;ENVIGADO;1552
1553;5001;MEDELLIN;1553
1554;5360;MEDELLIN;1554
1555;5001;GUATAPE;1555
1556;5088;ENVIGADO;1556
1557;5440;BELLO;1557
1558;5001;CHIGORODO;1558
1559;5001;MEDELLIN;1559
1560;5579;MEDELLIN;1560
1561;5001;MEDELLIN;1561
1562;5045;MEDELLIN;1562
1563;5360;MEDELLIN;1563
1564;5380;MEDELLIN;1564
1565;5001;MEDELLIN;1565
1566;5001;ITAGUI;1566
1567;5088;MEDELLIN;1567
1568;5172;BELLO;1568
1569;5212;MEDELLIN;1569
1570;5001;MEDELLIN;1570
1571;5321;ITAGUI;1571
1572;5001;MEDELLIN;1572
1573;5266;MEDELLIN;1573
1574;5615;MEDELLIN;1574
1575;5001;MEDELLIN;1575
1576;5147;MEDELLIN;1576
1577;5001;MEDELLIN;1577
1578;5631;CALDAS;1578
1579;5001;MEDELLIN;1579
1580;5440;MEDELLIN;1580
1581;11001;MEDELLIN;1581
1582;5088;MEDELLIN;1582
1583;5360;ENVIGADO;1583
1584;5001;BELLO;1584
1585;5088;MEDELLIN;1585
1586;5001;MEDELLIN;1586
1587;5001;COPACABANA;1587
1588;5001;BELLO;1588
1589;5360;TAMESIS;1589
1590;5615;MEDELLIN;1590
1591;5001;MEDELLIN;1591
1592;5001;LA ESTRELLA;1592
1593;5001;COPACABANA;1593
1594;5088;AGUADAS;1594
1595;5001;MEDELLIN;1595
1596;5440;MEDELLIN;1596
1597;5088;MEDELLIN;1597
1598;5440;MEDELLIN;1598
1599;5212;MEDELLIN;1599
1600;5264;BELLO;1600
1601;5001;LA ESTRELLA;1601
1602;5615;ITAGUI;1602
1603;5001;MEDELLIN;1603
1604;5001;BELLO;1604
1605;5172;ITAGUI;1605
1606;5001;MEDELLIN;1606
1607;5001;ENVIGADO;1607
1608;5001;COPACABANA;1608
1609;5607;MEDELLIN;1609
1610;5001;BELLO;1610
1611;5001;MEDELLIN;1611
1612;5001;MEDELLIN;1612
1613;5088;MARINILLA;1613
1614;5001;MEDELLIN;1614
1615;5001;CALDAS;1615
1616;5308;RIONEGRO;1616
1617;5615;MEDELLIN;1617
1618;5001;MEDELLIN;1618
1619;5212;MEDELLIN;1619
1620;5607;SABANETA;1620
1621;5088;RIONEGRO;1621
1622;5001;MEDELLIN;1622
1623;5001;BELLO;1623
1624;5360;BELLO;1624
1625;5001;ITAGUI;1625
1626;5001;MEDELLIN;1626
1627;5212;ITAGUI;1627
1628;5266;MEDELLIN;1628
1629;5360;MEDELLIN;1629
1630;5212;RIONEGRO;1630
1631;5001;ENVIGADO;1631
1632;5001;ENVIGADO;1632
1633;5001;ITAGUI;1633
1634;5001;MEDELLIN;1634
1635;5360;ENVIGADO;1635
1636;5001;MEDELLIN;1636
1637;5380;RIONEGRO;1637
1638;5001;MEDELLIN;1638
1639;5360;MEDELLIN;1639
1640;5001;SANTO DOMINGO;1640
1641;5360;MEDELLIN;1641
1642;5266;MEDELLIN;1642
1643;5001;LA ESTRELLA;1643
1644;5483;SAN PEDRO;1644
1645;5088;ENVIGADO;1645
1646;5001;MEDELLIN;1646
1647;5001;COPACABANA;1647
1648;5266;MEDELLIN;1648
1649;5001;MEDELLIN;1649
1650;5615;MEDELLIN;1650
1651;5088;MEDELLIN;1651
1652;5001;BELLO;1652
1653;5631;BELLO;1653
1654;5001;ENVIGADO;1654
1655;5088;MEDELLIN;1655
1656;5001;ENVIGADO;1656
1657;5266;MEDELLIN;1657
1658;5001;MEDELLIN;1658
1659;5266;ITAGUI;1659
1660;5001;MEDELLIN;1660
1661;5088;MEDELLIN;1661
1662;5147;MEDELLIN;1662
1663;5360;ENVIGADO;1663
1664;5615;VEGACHI;1664
1665;5088;MEDELLIN;1665
1666;5615;ITAGUI;1666
1667;5615;MEDELLIN;1667
1668;5001;MEDELLIN;1668
1669;5308;MEDELLIN;1669
1670;5266;ITAGUI;1670
1671;5360;MEDELLIN;1671
1672;5001;ITAGUI;1672
1673;5001;AMAGA;1673
1674;5360;MEDELLIN;1674
1675;5360;ITAGUI;1675
1676;5001;MEDELLIN;1676
1677;5001;ITAGUI;1677
1678;5001;MEDELLIN;1678
1679;5615;ENVIGADO;1679
1680;5001;BELLO;1680
1681;5001;MEDELLIN;1681
1682;5148;BELLO;1682
1683;5440;ITAGUI;1683
1684;5001;ITAGUI;1684
1685;5001;CHIGORODO;1685
1686;5001;ITAGUI;1686
1687;5001;MEDELLIN;1687
1688;5631;ITAGUI;1688
1689;5001;LA CEJA;1689
1690;5001;MEDELLIN;1690
1691;5001;BELLO;1691
1692;5001;EL CARMEN DE VIBORAL;1692
1693;5615;RIONEGRO;1693
1694;5129;MEDELLIN;1694
1695;5212;MARINILLA;1695
1696;5001;ENVIGADO;1696
1697;5088;MEDELLIN;1697
1698;5088;MEDELLIN;1698
1699;5266;BELLO;1699
1700;5001;MEDELLIN;1700
1701;5001;EL SANTUARIO;1701
1702;5380;MEDELLIN;1702
1703;5001;ITAGUI;1703
1704;5001;MEDELLIN;1704
1705;5001;MEDELLIN;1705
1706;5615;MEDELLIN;1706
1707;5360;ITAGUI;1707
1708;5266;MEDELLIN;1708
1709;5001;MEDELLIN;1709
1710;5079;YOLOMBO;1710
1711;5088;COPACABANA;1711
1712;5001;ITAGUI;1712
1713;5172;ENVIGADO;1713
1714;5360;MEDELLIN;1714
1715;5376;MEDELLIN;1715
1716;5615;LA ESTRELLA;1716
1717;5631;MEDELLIN;1717
1718;5001;MEDELLIN;1718
1719;5001;ENVIGADO;1719
1720;5308;MEDELLIN;1720
1721;5376;MEDELLIN;1721
1722;23807;ANDES;1722
1723;41001;MEDELLIN;1723
1724;5001;GRANADA;1724
1725;5001;MEDELLIN;1725
1726;5266;ENVIGADO;1726
1727;5266;GIRARDOTA;1727
1728;5001;SABANETA;1728
1729;5212;BELLO;1729
1730;5001;ZARAGOZA;1730
1731;5001;ITAGUI;1731
1732;5360;RIONEGRO;1732
1733;5607;MEDELLIN;1733
1734;5321;MARINILLA;1734
1735;5088;MEDELLIN;1735
1736;5001;ITAGUI;1736
1737;5088;SABANETA;1737
1738;5001;BELLO;1738
1739;5001;CAROLINA;1739
1740;5001;MEDELLIN;1740
1741;5376;CALDAS;1741
1742;5001;BELLO;1742
1743;5001;GIRARDOTA;1743
1744;5001;MEDELLIN;1744
1745;5001;MEDELLIN;1745
1746;5045;MEDELLIN;1746
1747;5088;EL CARMEN DE ATRATO;1747
1748;5129;ENVIGADO;1748
1749;5088;MEDELLIN;1749
1750;5001;MEDELLIN;1750
1751;5631;MONTELIBANO;1751
1752;5001;MEDELLIN;1752
1753;5001;BELLO;1753
1754;5001;MEDELLIN;1754
1755;5266;MEDELLIN;1755
1756;5001;MEDELLIN;1756
1757;5380;LA UNION;1757
1758;5001;CAREPA;1758
1759;5001;MEDELLIN;1759
1760;5129;ITAGUI;1760
1761;5615;SABANETA;1761
1762;5001;ITAGUI;1762
1763;5001;BELLO;1763
1764;5001;BELLO;1764
1765;5001;MEDELLIN;1765
1766;5001;MEDELLIN;1766
1767;23001;CALDAS;1767
1768;5148;MEDELLIN;1768
1769;5266;MEDELLIN;1769
1770;5001;ENVIGADO;1770
1771;5679;ITAGUI;1771
1772;5001;MEDELLIN;1772
1773;5001;BELLO;1773
1774;5631;MEDELLIN;1774
1775;5001;MEDELLIN;1775
1776;5380;MEDELLIN;1776
1777;5360;RIONEGRO;1777
1778;5036;CHIGORODO;1778
1779;5631;MEDELLIN;1779
1780;5001;SABANETA;1780
1781;5360;ENVIGADO;1781
1782;5001;SABANETA;1782
1783;5440;RIONEGRO;1783
1784;5789;DESCONOCIDO;1784
1785;5001;MEDELLIN;1785
1786;5088;MEDELLIN;1786
1787;5360;BELLO;1787
1788;5212;BELLO;1788
1789;5001;MEDELLIN;1789
1790;5282;MEDELLIN;1790
1791;5001;GUARNE;1791
1792;5631;MEDELLIN;1792
1793;5368;MEDELLIN;1793
1794;5001;MEDELLIN;1794
1795;5360;MEDELLIN;1795
1796;5615;MEDELLIN;1796
1797;5266;DESCONOCIDO;1797
1798;5001;MEDELLIN;1798
1799;5360;MEDELLIN;1799
1800;5001;MEDELLIN;1800
1801;5001;MEDELLIN;1801
1802;5001;PUERTO BOYACA;1802
1803;5001;ENVIGADO;1803
1804;5088;ENVIGADO;1804
1805;5001;ITAGUI;1805
1806;17777;MEDELLIN;1806
1807;5615;MEDELLIN;1807
1808;5631;MEDELLIN;1808
1809;5001;ENVIGADO;1809
1810;5380;ENVIGADO;1810
1811;5001;ENVIGADO;1811
1812;5088;LA ESTRELLA;1812
1813;5001;ENVIGADO;1813
1814;5631;MEDELLIN;1814
1815;5266;MEDELLIN;1815
1816;5001;MEDELLIN;1816
1817;5001;SAN VICENTE;1817
1818;5001;MEDELLIN;1818
1819;5360;MEDELLIN;1819
1820;5001;MEDELLIN;1820
1821;5001;MEDELLIN;1821
1822;5001;RIONEGRO;1822
1823;5001;MEDELLIN;1823
1824;5266;ENVIGADO;1824
1825;5467;MEDELLIN;1825
1826;5001;ITAGUI;1826
1827;5001;MEDELLIN;1827
1828;5001;MEDELLIN;1828
1829;5001;ITAGUI;1829
1830;5001;MEDELLIN;1830
1831;5631;ITAGUI;1831
1832;5001;COPACABANA;1832
1833;5001;MEDELLIN;1833
1834;5001;MEDELLIN;1834
1835;5088;ENVIGADO;1835
1836;5001;MEDELLIN;1836
1837;5674;BELLO;1837
1838;5001;LA CEJA;1838
1839;5001;RIONEGRO;1839
1840;5001;RIONEGRO;1840
1841;5001;MEDELLIN;1841
1842;5001;MEDELLIN;1842
1843;5266;MEDELLIN;1843
1844;5360;MEDELLIN;1844
1845;5001;MEDELLIN;1845
1846;5001;BELLO;1846
1847;5001;SABANALARGA;1847
1848;5001;MEDELLIN;1848
1849;5001;ENVIGADO;1849
1850;5172;MEDELLIN;1850
1851;5001;MARINILLA;1851
1852;5001;MEDELLIN;1852
1853;5001;GUATAPE;1853
1854;5001;LA ESTRELLA;1854
1855;5001;MEDELLIN;1855
1856;5036;RIONEGRO;1856
1857;5308;BELLO;1857
1858;5001;MEDELLIN;1858
1859;5001;MEDELLIN;1859
1860;5360;MEDELLIN;1860
1861;5615;BELLO;1861
1862;5001;RIONEGRO;1862
1863;5001;MEDELLIN;1863
1864;5318;MEDELLIN;1864
1865;5034;ENVIGADO;1865
1866;5360;MEDELLIN;1866
1867;5001;PUERTO NARE;1867
1868;5113;MEDELLIN;1868
1869;5001;MEDELLIN;1869
1870;5001;LA CEJA;1870
1871;5380;MEDELLIN;1871
1872;5360;MEDELLIN;1872
1873;5001;RIONEGRO;1873
1874;5001;MEDELLIN;1874
1875;5001;MARINILLA;1875
1876;5001;MEDELLIN;1876
1877;5148;MEDELLIN;1877
1878;5360;ENVIGADO;1878
1879;5147;RIONEGRO;1879
1880;5376;AMALFI;1880
1881;5001;ANGOSTURA;1881
1882;5001;SANTA BARBARA;1882
1883;5001;MEDELLIN;1883
1884;5266;MEDELLIN;1884
1885;5001;MEDELLIN;1885
1886;5088;MEDELLIN;1886
1887;5001;MEDELLIN;1887
1888;5129;MEDELLIN;1888
1889;5615;MEDELLIN;1889
1890;5001;PUERTO GUZMAN;1890
1891;5631;MEDELLIN;1891
1892;5001;MEDELLIN;1892
1893;5266;BELLO;1893
1894;5360;CALDAS;1894
1895;5001;BELLO;1895
1896;5147;MEDELLIN;1896
1897;5212;MEDELLIN;1897
1898;5664;BELLO;1898
1899;5615;SAN VICENTE;1899
1900;5380;MEDELLIN;1900
1901;5001;CALDAS;1901
1902;5148;BELLO;1902
1903;5631;MEDELLIN;1903
1904;5001;MEDELLIN;1904
1905;5001;SAN PEDRO;1905
1906;5001;MEDELLIN;1906
1907;5001;CALDAS;1907
1908;5789;ITAGUI;1908
1909;5001;ENVIGADO;1909
1910;5129;BELLO;1910
1911;5001;MEDELLIN;1911
1912;5031;EL CARMEN DE VIBORAL;1912
1913;5129;MEDELLIN;1913
1914;5088;RIONEGRO;1914
1915;5088;MEDELLIN;1915
1916;5212;GUARNE;1916
1917;5147;ITAGUI;1917
1918;5001;SABANETA;1918
1919;5001;MEDELLIN;1919
1920;5615;COPACABANA;1920
1921;5088;CALDAS;1921
1922;5001;CHIGORODO;1922
1923;5001;MEDELLIN;1923
1924;5001;MEDELLIN;1924
1925;5656;MEDELLIN;1925
1926;5001;RIONEGRO;1926
1927;5360;MEDELLIN;1927
1928;5088;EL CARMEN DE VIBORAL;1928
1929;5079;MEDELLIN;1929
1930;5631;GIRARDOTA;1930
1931;5001;DESCONOCIDO;1931
1932;5001;MEDELLIN;1932
1933;5001;MARINILLA;1933
1934;5266;ITAGUI;1934
1935;5001;URRAO;1935
1936;5001;MEDELLIN;1936
1937;5129;MEDELLIN;1937
1938;5088;BELLO;1938
1939;5088;ITAGUI;1939
1940;5001;MEDELLIN;1940
1941;5790;ITAGUI;1941
1942;5360;MEDELLIN;1942
1943;5001;ENVIGADO;1943
1944;5129;ITAGUI;1944
1945;5129;MEDELLIN;1945
1946;5631;MEDELLIN;1946
1947;5631;MEDELLIN;1947
1948;5001;ENVIGADO;1948
1949;5001;SABANALARGA;1949
1950;5001;BELLO;1950
1951;5001;ENVIGADO;1951
1952;5001;ITAGUI;1952
1953;5088;ITAGUI;1953
1954;5001;MEDELLIN;1954
1955;5266;DON MATIAS;1955
1956;5001;MEDELLIN;1956
1957;5212;MEDELLIN;1957
1958;5001;ENVIGADO;1958
1959;5088;MEDELLIN;1959
1960;5001;COPACABANA;1960
1961;13001;ENVIGADO;1961
1962;5001;ITAGUI;1962
1963;5266;MEDELLIN;1963
1964;5631;SANTAFE DE ANTIOQUIA;1964
1965;5266;MEDELLIN;1965
1966;5360;BARBOSA;1966
1967;5088;BELLO;1967
1968;5001;RIONEGRO;1968
1969;5664;MEDELLIN;1969
1970;5001;BELLO;1970
1971;5088;SABANETA;1971
1972;5440;MEDELLIN;1972
1973;5001;BELLO;1973
1974;5001;TURBO;1974
1975;5615;MEDELLIN;1975
1976;5088;MEDELLIN;1976
1977;5001;LA ESTRELLA;1977
1978;5308;ITAGUI;1978
1979;5001;MEDELLIN;1979
1980;5088;ITAGUI;1980
1981;5001;ENVIGADO;1981
1982;5001;APARTADO;1982
1983;5615;MEDELLIN;1983
1984;5615;ENVIGADO;1984
1985;5001;SANTA ROSA DE OSOS;1985
1986;5001;MEDELLIN;1986
1987;5212;AMAGA;1987
1988;5321;ITAGUI;1988
1989;5318;CALDAS;1989
1990;5001;ITAGUI;1990
1991;5001;BELLO;1991
1992;5088;MEDELLIN;1992
1993;5001;MEDELLIN;1993
1994;70215;MEDELLIN;1994
1995;5001;MEDELLIN;1995
1996;5001;MEDELLIN;1996
1997;5789;GIRARDOTA;1997
1998;5308;MEDELLIN;1998
1999;5001;RETIRO;1999
2000;5001;CALDAS;2000
2001;5001;MEDELLIN;2001
2002;5001;MEDELLIN;2002
2003;5266;BELLO;2003
2004;5001;MEDELLIN;2004
2005;5376;MEDELLIN;2005
2006;5001;ITAGUI;2006
2007;5001;MEDELLIN;2007
2008;5308;BARBOSA;2008
2009;5308;APARTADO;2009
2010;5001;LA UNION;2010
2011;5631;MEDELLIN;2011
2012;5212;MEDELLIN;2012
2013;5306;SAN PEDRO;2013
2014;5001;APARTADO;2014
2015;5360;ITAGUI;2015
2016;5129;MEDELLIN;2016
2017;5380;BELLO;2017
2018;5380;MEDELLIN;2018
2019;5756;ENVIGADO;2019
2020;5360;TURBO;2020
2021;5001;SAN PEDRO DE URABA;2021
2022;5321;MEDELLIN;2022
2023;5001;LA CEJA;2023
2024;5088;MEDELLIN;2024
2025;5380;BELLO;2025
2026;5001;BARBOSA;2026
2027;5088;CHIGORODO;2027
2028;5001;CAREPA;2028
2029;5001;MEDELLIN;2029
2030;5001;MEDELLIN;2030
2031;5001;MEDELLIN;2031
2032;5088;BELLO;2032
2033;5001;MEDELLIN;2033
2034;5360;MEDELLIN;2034
2035;5001;RIONEGRO;2035
2036;5001;MEDELLIN;2036
2037;5088;ITAGUI;2037
2038;5001;MEDELLIN;2038
2039;5001;MEDELLIN;2039
2040;5001;MEDELLIN;2040
2041;5380;ITAGUI;2041
2042;5079;MEDELLIN;2042
2043;5001;PACORA;2043
2044;5001;ITAGUI;2044
2045;5001;ITAGUI;2045
2046;5001;MEDELLIN;2046
2047;5001;LA ESTRELLA;2047
2048;5001;ITAGUI;2048
2049;5440;COPACABANA;2049
2050;5001;BELLO;2050
2051;5001;MEDELLIN;2051
2052;5034;MEDELLIN;2052
2053;5380;BELLO;2053
2054;5001;MEDELLIN;2054
2055;5001;MEDELLIN;2055
2056;5212;BELLO;2056
2057;5129;CAREPA;2057
2058;5001;BELLO;2058
2059;5088;LA CEJA;2059
2060;5308;APARTADO;2060
2061;5266;ITAGUI;2061
2062;5266;ITAGUI;2062
2063;5001;MEDELLIN;2063
2064;5088;MEDELLIN;2064
2065;5079;MEDELLIN;2065
2066;5001;MEDELLIN;2066
2067;5360;APARTADO;2067
2068;5001;MEDELLIN;2068
2069;5088;MEDELLIN;2069
2070;5001;MEDELLIN;2070
2071;5001;MEDELLIN;2071
2072;5674;RIONEGRO;2072
2073;5360;SABANETA;2073
2074;5001;ITAGUI;2074
2075;5001;ENVIGADO;2075
2076;5129;BELLO;2076
2077;5360;COPACABANA;2077
2078;5380;COPACABANA;2078
2079;5088;ITAGUI;2079
2080;5088;MEDELLIN;2080
2081;5045;SALGAR;2081
2082;5483;TAMESIS;2082
2083;5001;MEDELLIN;2083
2084;5001;MEDELLIN;2084
2085;5031;MEDELLIN;2085
2086;5129;RIONEGRO;2086
2087;5001;CAUCASIA;2087
2088;5079;RETIRO;2088
2089;5088;MEDELLIN;2089
2090;5001;MEDELLIN;2090
2091;5380;MEDELLIN;2091
2092;5088;CALDAS;2092
2093;5308;CALDAS;2093
2094;5147;MEDELLIN;2094
2095;5148;MEDELLIN;2095
2096;5001;MEDELLIN;2096
2097;5001;MEDELLIN;2097
2098;5001;MEDELLIN;2098
2099;5088;BELLO;2099
2100;5088;CALDAS;2100
2101;5001;BELLO;2101
2102;5001;MEDELLIN;2102
2103;5001;MEDELLIN;2103
2104;5001;BELLO;2104
2105;5088;MEDELLIN;2105
2106;5001;MEDELLIN;2106
2107;5147;BARBOSA;2107
2108;5088;ENVIGADO;2108
2109;5125;RIONEGRO;2109
2110;5001;CAREPA;2110
2111;5001;BELLO;2111
2112;5079;MEDELLIN;2112
2113;5001;GUARNE;2113
2114;5665;EL CARMEN DE VIBORAL;2114
2115;5001;GUARNE;2115
2116;5266;MEDELLIN;2116
2117;5360;BELLO;2117
2118;5380;BELLO;2118
2119;5001;ENVIGADO;2119
2120;5001;MEDELLIN;2120
2121;27075;EL CARMEN DE VIBORAL;2121
2122;5001;MEDELLIN;2122
2123;5001;MEDELLIN;2123
2124;5360;GIRARDOTA;2124
2125;5001;ENVIGADO;2125
2126;5380;MEDELLIN;2126
2127;5001;SABANETA;2127
2128;5001;MEDELLIN;2128
2129;5147;COPACABANA;2129
2130;5001;MEDELLIN;2130
2131;5088;BELLO;2131
2132;5266;MEDELLIN;2132
2133;5001;MEDELLIN;2133
2134;5001;LA ESTRELLA;2134
2135;5001;APARTADO;2135
2136;5360;MEDELLIN;2136
2137;5615;BELLO;2137
2138;5615;EL SANTUARIO;2138
2139;5212;CHIGORODO;2139
2140;5001;CAREPA;2140
2141;5001;CAREPA;2141
2142;5631;CHIGORODO;2142
2143;5001;CHIGORODO;2143
2144;5001;CHIGORODO;2144
2145;5360;LA UNION;2145
2146;5360;JARDIN;2146
2147;5266;MEDELLIN;2147
2148;5001;ENVIGADO;2148
2149;5001;ENVIGADO;2149
2150;5001;MEDELLIN;2150
2151;5380;QUIBDO;2151
2152;5001;MEDELLIN;2152
2153;5001;GUARNE;2153
2154;5360;MEDELLIN;2154
2155;5001;MEDELLIN;2155
2156;5001;MEDELLIN;2156
2157;5001;ENVIGADO;2157
2158;5001;MEDELLIN;2158
2159;5001;ITAGUI;2159
2160;5360;BELLO;2160
2161;5001;MEDELLIN;2161
2162;5756;MEDELLIN;2162
2163;5045;MEDELLIN;2163
2164;5001;GIRARDOTA;2164
2165;5360;LA ESTRELLA;2165
2166;5001;EL CARMEN DE VIBORAL;2166
2167;5001;URRAO;2167
2168;5360;MEDELLIN;2168
2169;5615;MEDELLIN;2169
2170;5656;CALDAS;2170
2171;5001;MEDELLIN;2171
2172;5001;SABANETA;2172
2173;5001;BELLO;2173
2174;5360;CHIGORODO;2174
2175;5001;LA ESTRELLA;2175
2176;5001;MEDELLIN;2176
2177;5615;MEDELLIN;2177
2178;5088;MEDELLIN;2178
2179;5615;BELLO;2179
2180;5088;MEDELLIN;2180
2181;5308;BELLO;2181
2182;5001;SABANETA;2182
2183;5360;HISPANIA;2183
2184;5001;ENVIGADO;2184
2185;5001;RIONEGRO;2185
2186;5001;BELLO;2186
2187;5380;GIRARDOTA;2187
2188;5129;ENVIGADO;2188
2189;5001;MEDELLIN;2189
2190;5001;MEDELLIN;2190
2191;5001;CAREPA;2191
2192;5360;CAREPA;2192
2193;5001;ITAGUI;2193
2194;5001;MEDELLIN;2194
2195;5380;CALDAS;2195
2196;5001;ENVIGADO;2196
2197;5001;APARTADO;2197
2198;5172;BELLO;2198
2199;5318;AMAGA;2199
2200;5615;SABANETA;2200
2201;5686;MEDELLIN;2201
2202;5129;TOLEDO;2202
2203;5079;LA ESTRELLA;2203
2204;5615;MEDELLIN;2204
2205;5266;MEDELLIN;2205
2206;5282;MEDELLIN;2206
2207;5360;MEDELLIN;2207
2208;5615;CALDAS;2208
2209;5440;MEDELLIN;2209
2210;5376;RIONEGRO;2210
2211;5088;MEDELLIN;2211
2212;5380;MEDELLIN;2212
2213;5001;RIONEGRO;2213
2214;5001;MEDELLIN;2214
2215;5001;AMAGA;2215
2216;5001;CAREPA;2216
2217;5001;BELLO;2217
2218;5615;ENVIGADO;2218
2219;5001;MEDELLIN;2219
2220;5631;BELLO;2220
2221;5001;ITAGUI;2221
2222;5360;MEDELLIN;2222
2223;5001;RIONEGRO;2223
2224;5001;MEDELLIN;2224
2225;5001;MEDELLIN;2225
2226;5212;GIRARDOTA;2226
2227;5631;LA CEJA;2227
2228;5045;APARTADO;2228
2229;5360;CHIGORODO;2229
2230;5266;MONTELIBANO;2230
2231;5674;RIONEGRO;2231
2232;5001;ARBOLETES;2232
2233;5129;MEDELLIN;2233
2234;5148;MEDELLIN;2234
2235;5360;BELLO;2235
2236;5360;MEDELLIN;2236
2237;5001;BELLO;2237
2238;5045;ITAGUI;2238
2239;5266;ITAGUI;2239
2240;5147;MEDELLIN;2240
2241;5001;MEDELLIN;2241
2242;5266;MEDELLIN;2242
2243;5147;MEDELLIN;2243
2244;5360;BELLO;2244
2245;5147;ITAGUI;2245
2246;5837;BELLO;2246
2247;5045;RIONEGRO;2247
2248;5615;RIONEGRO;2248
2249;5686;BELLO;2249
2250;5001;CISNEROS;2250
2251;5147;ITAGUI;2251
2252;5038;MEDELLIN;2252
2253;5664;MEDELLIN;2253
2254;5376;SABANETA;2254
2255;5001;AMAGA;2255
2256;5360;RIONEGRO;2256
2257;5001;PEÑOL;2257
2258;5088;BELLO;2258
2259;5440;MEDELLIN;2259
2260;5001;SOPETRAN;2260
2261;5001;ENVIGADO;2261
2262;5579;PUERTO BERRIO;2262
2263;5001;BELLO;2263
2264;5045;MEDELLIN;2264
2265;5360;LA CEJA;2265
2266;5380;LA CEJA;2266
2267;5001;CHIGORODO;2267
2268;5001;MEDELLIN;2268
2269;5088;ITAGUI;2269
2270;5172;MEDELLIN;2270
2271;5212;GIRARDOTA;2271
2272;5001;MEDELLIN;2272
2273;5321;MEDELLIN;2273
2274;5001;RIONEGRO;2274
2275;5266;CAICEDO;2275
2276;5615;MEDELLIN;2276
2277;5001;MEDELLIN;2277
2278;5147;MEDELLIN;2278
2279;5001;MEDELLIN;2279
2280;5631;MEDELLIN;2280
2281;5001;ENVIGADO;2281
2282;5440;MEDELLIN;2282
2283;11001;ITAGUI;2283
2284;5088;MEDELLIN;2284
2285;5360;MEDELLIN;2285
2286;5001;BETULIA;2286
2287;5088;RIONEGRO;2287
2288;5001;SAN CARLOS;2288
2289;5001;BELLO;2289
2290;5001;ENVIGADO;2290
2291;5360;MEDELLIN;2291
2292;5615;LA CEJA;2292
2293;5001;LA ESTRELLA;2293
2294;5001;ITAGUI;2294
2295;5001;APARTADO;2295
2296;5088;CHIGORODO;2296
2297;5001;MEDELLIN;2297
2298;5440;MEDELLIN;2298
2299;5088;TURBO;2299
2300;5440;MEDELLIN;2300
2301;5212;TURBO;2301
2302;5264;ITAGUI;2302
2303;5001;MEDELLIN;2303
2304;5615;MEDELLIN;2304
2305;5001;MEDELLIN;2305
2306;5001;LA ESTRELLA;2306
2307;5172;LA UNION;2307
2308;5001;BELLO;2308
2309;5001;MEDELLIN;2309
2310;5001;MEDELLIN;2310
2311;5607;CAREPA;2311
2312;5001;CAREPA;2312
2313;5001;TAMESIS;2313
2314;5001;MEDELLIN;2314
2315;5088;BELLO;2315
2316;5001;ABEJORRAL;2316
2317;5001;COPACABANA;2317
2318;5308;LA ESTRELLA;2318
2319;5615;MEDELLIN;2319
2320;5001;MEDELLIN;2320
2321;5212;COPACABANA;2321
2322;5607;BELLO;2322
2323;5088;MEDELLIN;2323
2324;5001;MEDELLIN;2324
2325;5001;COPACABANA;2325
2326;5360;SANTA BARBARA;2326
2327;5001;MEDELLIN;2327
2328;5001;MEDELLIN;2328
2329;5212;MEDELLIN;2329
2330;5266;MEDELLIN;2330
2331;5360;MEDELLIN;2331
2332;5212;ENVIGADO;2332
2333;5001;MARINILLA;2333
2334;5001;LA ESTRELLA;2334
2335;5001;ITAGUI;2335
2336;5001;MEDELLIN;2336
2337;5360;LA CEJA;2337
2338;5001;ITAGUI;2338
2339;5380;MEDELLIN;2339
2340;5001;SAN LUIS;2340
2341;5360;MEDELLIN;2341
2342;5001;GIRARDOTA;2342
2343;5360;MEDELLIN;2343
2344;5266;BARBOSA;2344
2345;5001;BELLO;2345
2346;5483;MEDELLIN;2346
2347;5088;SABANETA;2347
2348;5001;SABANETA;2348
2349;5001;ITAGUI;2349
2350;5266;SABANETA;2350
2351;5001;CAREPA;2351
2352;5615;MEDELLIN;2352
2353;5088;APARTADO;2353
2354;5001;BARBOSA;2354
2355;5631;ITAGUI;2355
2356;5001;MEDELLIN;2356
2357;5088;ITAGUI;2357
2358;5001;MEDELLIN;2358
2359;5266;MEDELLIN;2359
2360;5001;SABANETA;2360
2361;5266;MEDELLIN;2361
2362;5001;ITAGUI;2362
2363;5088;SABANETA;2363
2364;5147;MEDELLIN;2364
2365;5360;MEDELLIN;2365
2366;5615;MEDELLIN;2366
2367;5088;MEDELLIN;2367
2368;5615;COPACABANA;2368
2369;5615;MEDELLIN;2369
2370;5001;MEDELLIN;2370
2371;5308;LA ESTRELLA;2371
2372;5266;MEDELLIN;2372
2373;5360;MEDELLIN;2373
2374;5001;CARACOLI;2374
2375;5001;MEDELLIN;2375
2376;5360;MEDELLIN;2376
2377;5360;COPACABANA;2377
2378;5001;ARJONA;2378
2379;5001;BARBOSA;2379
2380;5001;LA ESTRELLA;2380
2381;5615;ANGELOPOLIS;2381
2382;5001;MEDELLIN;2382
2383;5001;MONTELIBANO;2383
2384;5148;SABANETA;2384
2385;5440;IMUÉS;2385
2386;5001;MEDELLIN;2386
2387;5001;CAREPA;2387
2388;5001;MEDELLIN;2388
2389;5001;ITAGUI;2389
2390;5631;ITAGUI;2390
2391;5001;MARINILLA;2391
2392;5001;BARBOSA;2392
2393;5001;MEDELLIN;2393
2394;5001;GIRARDOTA;2394
2395;5615;MEDELLIN;2395
2396;5129;GUATAPE;2396
2397;5212;YARUMAL;2397
2398;5001;MEDELLIN;2398
2399;5088;RIONEGRO;2399
2400;5088;MEDELLIN;2400
2401;5266;ITAGUI;2401
2402;5001;MEDELLIN;2402
2403;5001;ITAGUI;2403
2404;5380;RIONEGRO;2404
2405;5001;MEDELLIN;2405
2406;5001;LA ESTRELLA;2406
2407;5001;MEDELLIN;2407
2408;5615;MEDELLIN;2408
2409;5360;MEDELLIN;2409
2410;5266;MEDELLIN;2410
2411;5001;MEDELLIN;2411
2412;5079;ENVIGADO;2412
2413;5088;MEDELLIN;2413
2414;5001;MEDELLIN;2414
2415;5172;BELLO;2415
2416;5360;MEDELLIN;2416
2417;5376;LA ESTRELLA;2417
2418;5615;MEDELLIN;2418
2419;5631;MEDELLIN;2419
2420;5001;SABANETA;2420
2421;5001;RIONEGRO;2421
2422;5308;MEDELLIN;2422
2423;5376;CALDAS;2423
2424;23807;MEDELLIN;2424
2425;41001;MEDELLIN;2425
2426;5001;MEDELLIN;2426
2427;5001;MEDELLIN;2427
2428;5266;RIONEGRO;2428
2429;5266;SAN JERONIMO;2429
2430;5001;BELLO;2430
2431;5212;SABANETA;2431
2432;5001;MEDELLIN;2432
2433;5001;MEDELLIN;2433
2434;5360;MEDELLIN;2434
2435;5607;CAREPA;2435
2436;5321;MEDELLIN;2436
2437;5088;BELLO;2437
2438;5001;SANTA ROSA DE OSOS;2438
2439;5088;BELLO;2439
2440;5001;MEDELLIN;2440
2441;5001;MEDELLIN;2441
2442;5001;BELLO;2442
2443;5376;VALLE DEL GAUMEZ;2443
2444;5001;MEDELLIN;2444
2445;5001;MEDELLIN;2445
2446;5001;GIRARDOTA;2446
2447;5001;SABANETA;2447
2448;5045;BELLO;2448
2449;5088;COPACABANA;2449
2450;5129;BELLO;2450
2451;5088;MEDELLIN;2451
2452;5001;MEDELLIN;2452
2453;5631;ITAGUI;2453
2454;5001;LA UNION;2454
2455;5001;COPACABANA;2455
2456;5001;MEDELLIN;2456
2457;5266;MEDELLIN;2457
2458;5001;MEDELLIN;2458
2459;5380;SABANETA;2459
2460;5001;RIONEGRO;2460
2461;5001;RIONEGRO;2461
2462;5129;TURBO;2462
2463;5615;BELLO;2463
2464;5001;SAN RAFAEL;2464
2465;5001;MEDELLIN;2465
2466;5001;MEDELLIN;2466
2467;5001;QUIBDO;2467
2468;5001;ENTRERRIOS;2468
2469;23001;MEDELLIN;2469
2470;5148;ABEJORRAL;2470
2471;5266;RIONEGRO;2471
2472;5001;MEDELLIN;2472
2473;5679;BELLO;2473
2474;5001;MEDELLIN;2474
2475;5001;EL SANTUARIO;2475
2476;5631;ITAGUI;2476
2477;5001;CALDAS;2477
2478;5380;MEDELLIN;2478
2479;5360;BELLO;2479
2480;5036;ENVIGADO;2480
2481;5631;CALDAS;2481
2482;5001;LA CEJA;2482
2483;5360;MEDELLIN;2483
2484;5001;COPACABANA;2484
2485;5440;LA CEJA;2485
2486;5789;SABANETA;2486
2487;5001;SABANETA;2487
2488;5088;BELLO;2488
2489;5360;ITAGUI;2489
2490;5212;SABANETA;2490
2491;5001;MEDELLIN;2491
2492;5282;ENVIGADO;2492
2493;5001;MEDELLIN;2493
2494;5631;MEDELLIN;2494
2495;5368;ENVIGADO;2495
2496;5001;MEDELLIN;2496
2497;5360;ITAGUI;2497
2498;5615;MONTEBELLO;2498
2499;5266;MEDELLIN;2499
2500;5001;ITAGUI;2500
2501;5360;BELLO;2501
2502;5001;GUARNE;2502
2503;5001;MEDELLIN;2503
2504;5001;BELLO;2504
2505;5001;MEDELLIN;2505
2506;5088;BARBOSA;2506
2507;5001;MEDELLIN;2507
2508;17777;ITAGUI;2508
2509;5615;MEDELLIN;2509
2510;5631;SABANETA;2510
2511;5001;MEDELLIN;2511
2512;5380;MEDELLIN;2512
2513;5001;LA CEJA;2513
2514;5088;MEDELLIN;2514
2515;5001;MEDELLIN;2515
2516;5631;RIONEGRO;2516
2517;5266;GUATAPE;2517
2518;5001;GIRARDOTA;2518
2519;5001;COPACABANA;2519
2520;5001;RIONEGRO;2520
2521;5360;MEDELLIN;2521
2522;5001;MEDELLIN;2522
2523;5001;MEDELLIN;2523
2524;5001;ENVIGADO;2524
2525;5001;MEDELLIN;2525
2526;5266;MEDELLIN;2526
2527;5467;ITAGUI;2527
2528;5001;ITAGUI;2528
2529;5001;COPACABANA;2529
2530;5001;MEDELLIN;2530
2531;5001;MEDELLIN;2531
2532;5001;ENVIGADO;2532
2533;5631;PEÑOL;2533
2534;5001;BELLO;2534
2535;5001;ENVIGADO;2535
2536;5001;MEDELLIN;2536
2537;5088;MEDELLIN;2537
2538;5001;MEDELLIN;2538
2539;5674;MEDELLIN;2539
2540;5001;MEDELLIN;2540
2541;5001;MEDELLIN;2541
2542;5001;ENVIGADO;2542
2543;5001;ENVIGADO;2543
2544;5001;COPACABANA;2544
2545;5266;BELLO;2545
2546;5360;MEDELLIN;2546
2547;5001;MEDELLIN;2547
2548;5001;MEDELLIN;2548
2549;5001;MEDELLIN;2549
2550;5001;RIONEGRO;2550
2551;5001;ITAGUI;2551
2552;5172;CALDAS;2552
2553;5001;BELLO;2553
2554;5001;COPACABANA;2554
2555;5001;BELLO;2555
2556;5001;BELLO;2556
2557;5001;MEDELLIN;2557
2558;5036;BELLO;2558
2559;5308;GUATAPE;2559
2560;5001;MEDELLIN;2560
2561;5001;MEDELLIN;2561
2562;5360;CALDAS;2562
2563;5615;MEDELLIN;2563
2564;5001;MEDELLIN;2564
2565;5001;LA ESTRELLA;2565
2566;5318;MEDELLIN;2566
2567;5034;ITAGUI;2567
2568;5360;COPACABANA;2568
2569;5001;MEDELLIN;2569
2570;5113;MEDELLIN;2570
2571;5001;BELLO;2571
2572;5001;MEDELLIN;2572
2573;5380;MEDELLIN;2573
2574;5360;MEDELLIN;2574
2575;5001;MEDELLIN;2575
2576;5001;MEDELLIN;2576
2577;5001;MEDELLIN;2577
2578;5001;MEDELLIN;2578
2579;5148;SABANETA;2579
2580;5360;ITAGUI;2580
2581;5147;ITAGUI;2581
2582;5376;BELLO;2582
2583;5001;GUARNE;2583
2584;5001;RIONEGRO;2584
2585;5001;MEDELLIN;2585
2586;5266;SABANETA;2586
2587;5001;ENVIGADO;2587
2588;5088;PEÑOL;2588
2589;5001;MEDELLIN;2589
2590;5129;SAN VICENTE FERRER;2590
2591;5615;LA CEJA;2591
2592;5001;RIONEGRO;2592
2593;5631;MEDELLIN;2593
2594;5001;SAN VICENTE;2594
2595;5266;ENVIGADO;2595
2596;5360;ITAGUI;2596
2597;5001;ENVIGADO;2597
2598;5147;MEDELLIN;2598
2599;5212;ITAGUI;2599
2600;5664;COPACABANA;2600
2601;5615;MEDELLIN;2601
2602;5380;MEDELLIN;2602
2603;5001;MEDELLIN;2603
2604;5148;BELLO;2604
2605;5631;BELLO;2605
2606;5001;EL CARMEN DE VIBORAL;2606
2607;5001;MEDELLIN;2607
2608;5001;ENVIGADO;2608
2609;5001;CALDAS;2609
2610;5789;CISNEROS;2610
2611;5001;MEDELLIN;2611
2612;5129;MEDELLIN;2612
2613;5001;RIONEGRO;2613
2614;5031;COPACABANA;2614
2615;5129;COPACABANA;2615
2616;5088;BELLO;2616
2617;5088;MEDELLIN;2617
2618;5212;MEDELLIN;2618
2619;5147;ITAGUI;2619
2620;5001;MEDELLIN;2620
2621;5001;MEDELLIN;2621
2622;5615;MEDELLIN;2622
2623;5088;CALDAS;2623
2624;5001;MEDELLIN;2624
2625;5001;MEDELLIN;2625
2626;5001;ITAGUI;2626
2627;5656;MEDELLIN;2627
2628;5001;MEDELLIN;2628
2629;5360;CALDAS;2629
2630;5088;ENVIGADO;2630
2631;5079;MEDELLIN;2631
2632;5631;VENECIA;2632
2633;5001;MEDELLIN;2633
2634;5001;RIOSUCIO;2634
2635;5001;LA ESTRELLA;2635
2636;5266;ENVIGADO;2636
2637;5001;MEDELLIN;2637
2638;5001;MEDELLIN;2638
2639;5129;ENTRERRIOS;2639
2640;5088;ITAGUI;2640
2641;5088;MEDELLIN;2641
2642;5001;MEDELLIN;2642
2643;5790;ITAGUI;2643
2644;5360;ITAGUI;2644
2645;5001;BELLO;2645
2646;5129;MEDELLIN;2646
2647;5129;BELLO;2647
2648;5631;EL CARMEN DE VIBORAL;2648
2649;5631;MARINILLA;2649
2650;5001;MEDELLIN;2650
2651;5001;ITAGUI;2651
2652;5001;ENVIGADO;2652
2653;5001;RIONEGRO;2653
2654;5001;RIONEGRO;2654
2655;5088;MEDELLIN;2655
2656;5001;MEDELLIN;2656
2657;5266;ITAGUI;2657
2658;5001;MEDELLIN;2658
2659;5212;MEDELLIN;2659
2660;5001;MEDELLIN;2660
2661;5088;MEDELLIN;2661
2662;5001;CALDAS;2662
2663;13001;BELLO;2663
2664;5001;CALDAS;2664
2665;5266;MEDELLIN;2665
2666;5631;MEDELLIN;2666
2667;5266;MEDELLIN;2667
2668;5360;ITAGUI;2668
2669;5088;MEDELLIN;2669
2670;5001;CIMITARRA;2670
2671;5664;MEDELLIN;2671
2672;5001;ITAGUI;2672
2673;5088;MEDELLIN;2673
2674;5440;ANDES;2674
2675;5001;MEDELLIN;2675
2676;5001;MEDELLIN;2676
2677;5615;MEDELLIN;2677
2678;5088;RETIRO;2678
2679;5001;APARTADO;2679
2680;5308;MEDELLIN;2680
2681;5001;ANDES;2681
2682;5088;BELLO;2682
2683;5001;SAN JERONIMO;2683
2684;5001;BELLO;2684
2685;5615;MEDELLIN;2685
2686;5615;MEDELLIN;2686
2687;5001;MEDELLIN;2687
2688;5001;ENVIGADO;2688
2689;5212;MEDELLIN;2689
2690;5321;ITAGUI;2690
2691;5318;MEDELLIN;2691
2692;5001;SABANETA;2692
2693;5001;URRAO;2693
2694;5088;BELLO;2694
2695;5001;ENVIGADO;2695
2696;70215;MEDELLIN;2696
2697;5001;MEDELLIN;2697
2698;5001;MEDELLIN;2698
2699;5789;ITAGUI;2699
2700;5308;SAN ROQUE;2700
2701;5001;MEDELLIN;2701
2702;5001;MEDELLIN;2702
2703;5001;MEDELLIN;2703
2704;5001;MEDELLIN;2704
2705;5266;MEDELLIN;2705
2706;5001;BELLO;2706
2707;5376;RIONEGRO;2707
2708;5001;MEDELLIN;2708
2709;5001;MEDELLIN;2709
2710;5308;BELLO;2710
2711;5308;ITAGUI;2711
2712;5001;MEDELLIN;2712
2713;5631;CAUCASIA;2713
2714;5212;MEDELLIN;2714
2715;5306;ENVIGADO;2715
2716;5001;BELLO;2716
2717;5360;ENVIGADO;2717
2718;5129;CAUCASIA;2718
2719;5380;RIONEGRO;2719
2720;5380;MEDELLIN;2720
2721;5756;MEDELLIN;2721
2722;5360;ITAGUI;2722
2723;5001;BELLO;2723
2724;5321;BELLO;2724
2725;5001;MEDELLIN;2725
2726;5088;BELLO;2726
2727;5380;BELLO;2727
2728;5001;RIONEGRO;2728
2729;5088;BELLO;2729
2730;5001;MEDELLIN;2730
2731;5001;MARINILLA;2731
2732;5001;RIONEGRO;2732
2733;5001;ENVIGADO;2733
2734;5088;MEDELLIN;2734
2735;5001;MEDELLIN;2735
2736;5360;MEDELLIN;2736
2737;5001;MEDELLIN;2737
2738;5001;MEDELLIN;2738
2739;5088;CALDAS;2739
2740;5001;MEDELLIN;2740
2741;5001;CALDAS;2741
2742;5001;MEDELLIN;2742
2743;5380;LA CEJA;2743
2744;5079;MEDELLIN;2744
2745;5001;MEDELLIN;2745
2746;5001;MEDELLIN;2746
2747;5001;MEDELLIN;2747
2748;5001;LA UNION;2748
2749;5001;MEDELLIN;2749
2750;5001;MACEO;2750
2751;5440;BELLO;2751
2752;5001;MEDELLIN;2752
2753;5001;BELLO;2753
2754;5034;TOLEDO;2754
2755;5380;LA ESTRELLA;2755
2756;5001;CALDAS;2756
2757;5001;MEDELLIN;2757
2758;5212;RIONEGRO;2758
2759;5129;ITAGUI;2759
2760;5001;MEDELLIN;2760
2761;5088;MEDELLIN;2761
2762;5308;MEDELLIN;2762
2763;5266;MEDELLIN;2763
2764;5266;BELLO;2764
2765;5001;SABANETA;2765
2766;5088;MEDELLIN;2766
2767;5079;BELLO;2767
2768;5001;MEDELLIN;2768
2769;5360;LA CEJA;2769
2770;5001;MEDELLIN;2770
2771;5088;RIONEGRO;2771
2772;5001;COPACABANA;2772
2773;5001;MEDELLIN;2773
2774;5674;MEDELLIN;2774
2775;5360;MEDELLIN;2775
2776;5001;MEDELLIN;2776
2777;5001;BELLO;2777
2778;5129;MEDELLIN;2778
2779;5360;BELLO;2779
2780;5380;ENVIGADO;2780
2781;5088;ENVIGADO;2781
2782;5088;MEDELLIN;2782
2783;5045;CALDAS;2783
2784;5483;MEDELLIN;2784
2785;5001;ITAGUI;2785
2786;5001;EL CARMEN DE VIBORAL;2786
2787;5031;MEDELLIN;2787
2788;5129;BELLO;2788
2789;5001;MEDELLIN;2789
2790;5079;URRAO;2790
2791;5088;MEDELLIN;2791
2792;5001;SABANETA;2792
2793;5380;MEDELLIN;2793
2794;5088;MEDELLIN;2794
2795;5308;MARINILLA;2795
2796;5147;MEDELLIN;2796
2797;5148;ENVIGADO;2797
2798;5001;MEDELLIN;2798
2799;5001;MEDELLIN;2799
2800;5001;BELLO;2800
2801;5088;BELLO;2801
2802;5088;BELLO;2802
2803;5001;RIONEGRO;2803
2804;5001;MEDELLIN;2804
2805;5001;ITAGUI;2805
2806;5001;MEDELLIN;2806
2807;5088;MEDELLIN;2807
2808;5001;FRONTINO;2808
2809;5147;MEDELLIN;2809
2810;5088;MEDELLIN;2810
2811;5125;ITAGUI;2811
2812;5001;MEDELLIN;2812
2813;5001;MEDELLIN;2813
2814;5079;MEDELLIN;2814
2815;5001;MEDELLIN;2815
2816;5665;BELLO;2816
2817;5001;GUARNE;2817
2818;5266;BELLO;2818
2819;5360;ITAGUI;2819
2820;5380;GUARNE;2820
2821;5001;RIONEGRO;2821
2822;5001;MEDELLIN;2822
2823;27075;MEDELLIN;2823
2824;5001;MEDELLIN;2824
2825;5001;MOMPOS;2825
2826;5360;BELLO;2826
2827;5001;MEDELLIN;2827
2828;5380;MEDELLIN;2828
2829;5001;BELLO;2829
2830;5001;MEDELLIN;2830
2831;5147;ITAGUI;2831
2832;5001;MEDELLIN;2832
2833;5088;COPACABANA;2833
2834;5266;MEDELLIN;2834
2835;5001;BARBOSA;2835
2836;5001;MEDELLIN;2836
2837;5001;MEDELLIN;2837
2838;5360;MEDELLIN;2838
2839;5615;MONTEBELLO;2839
2840;5615;ENVIGADO;2840
2841;5212;MEDELLIN;2841
2842;5001;AMAGA;2842
2843;5001;MEDELLIN;2843
2844;5631;MEDELLIN;2844
2845;5001;GUATAPE;2845
2846;5001;RIONEGRO;2846
2847;5360;MEDELLIN;2847
2848;5360;DON MATIAS;2848
2849;5266;MEDELLIN;2849
2850;5001;MEDELLIN;2850
2851;5001;COPACABANA;2851
2852;5001;SAN RAFAEL;2852
2853;5380;RIONEGRO;2853
2854;5001;BELLO;2854
2855;5001;MEDELLIN;2855
2856;5360;CAJICA;2856
2857;5001;BELLO;2857
2858;5001;MEDELLIN;2858
2859;5001;GUARNE;2859
2860;5001;MEDELLIN;2860
2861;5001;MEDELLIN;2861
2862;5360;NECOCLI;2862
2863;5001;ITAGUI;2863
2864;5756;CALDAS;2864
2865;5045;MEDELLIN;2865
2866;5001;RIONEGRO;2866
2867;5360;HELICONIA;2867
2868;5001;MEDELLIN;2868
2869;5001;BELLO;2869
2870;5360;MEDELLIN;2870
2871;5615;MEDELLIN;2871
2872;5656;BELLO;2872
2873;5001;MEDELLIN;2873
2874;5001;CALDAS;2874
2875;5001;MEDELLIN;2875
2876;5360;MEDELLIN;2876
2877;5001;MEDELLIN;2877
2878;5001;MEDELLIN;2878
2879;5615;SABANETA;2879
2880;5088;LA CEJA;2880
2881;5615;MEDELLIN;2881
2882;5088;MEDELLIN;2882
2883;5308;MEDELLIN;2883
2884;5001;COCORNA;2884
2885;5360;ENVIGADO;2885
2886;5001;MEDELLIN;2886
2887;5001;ITAGUI;2887
2888;5001;MEDELLIN;2888
2889;5380;BELLO;2889
2890;5129;BELLO;2890
2891;5001;MEDELLIN;2891
2892;5001;PEREIRA;2892
2893;5001;MEDELLIN;2893
2894;5360;MEDELLIN;2894
2895;5001;LA ESTRELLA;2895
2896;5001;LA CEJA;2896
2897;5380;MEDELLIN;2897
2898;5001;SANTAFE DE ANTIOQUIA;2898
2899;5001;MEDELLIN;2899
2900;5172;MEDELLIN;2900
2901;5318;ENVIGADO;2901
2902;5615;ENVIGADO;2902
2903;5686;ITAGUI;2903
2904;5129;MEDELLIN;2904
2905;5079;ITAGUI;2905
2906;5615;CALDAS;2906
2907;5266;MEDELLIN;2907
2908;5282;MEDELLIN;2908
2909;5360;MEDELLIN;2909
2910;5615;MEDELLIN;2910
2911;5440;ENVIGADO;2911
2912;5376;MEDELLIN;2912
2913;5088;MEDELLIN;2913
2914;5380;MEDELLIN;2914
2915;5001;CAREPA;2915
2916;5001;MEDELLIN;2916
2917;5001;MEDELLIN;2917
2918;5001;MEDELLIN;2918
2919;5001;ITAGUI;2919
2920;5615;SAN JERONIMO;2920
2921;5001;MEDELLIN;2921
2922;5631;ITAGUI;2922
2923;5001;MEDELLIN;2923
2924;5360;MEDELLIN;2924
2925;5001;MEDELLIN;2925
2926;5001;ENVIGADO;2926
2927;5001;ITAGUI;2927
2928;5212;ITAGUI;2928
2929;5631;ENVIGADO;2929
2930;5045;COPACABANA;2930
2931;5360;MEDELLIN;2931
2932;5266;BELLO;2932
2933;5674;ITAGUI;2933
2934;5001;MEDELLIN;2934
2935;5129;MEDELLIN;2935
2936;5148;MEDELLIN;2936
2937;5360;CAUCASIA;2937
2938;5360;PASTO;2938
2939;5001;BELLO;2939
2940;5045;SAN VICENTE;2940
2941;5266;ITAGUI;2941
2942;5147;MEDELLIN;2942
2943;5001;MEDELLIN;2943
2944;5266;BELLO;2944
2945;5147;ITAGUI;2945
2946;5360;MEDELLIN;2946
2947;5147;SABANETA;2947
2948;5837;ENVIGADO;2948
2949;5045;ENVIGADO;2949
2950;5615;PEÑOL;2950
2951;5686;AMAGA;2951
2952;5001;MEDELLIN;2952
2953;5147;CAUCASIA;2953
2954;5038;MEDELLIN;2954
2955;5664;MEDELLIN;2955
2956;5376;MEDELLIN;2956
2957;5001;ITAGUI;2957
2958;5360;LA CEJA;2958
2959;5001;BELLO;2959
2960;5088;MEDELLIN;2960
2961;5440;LA ESTRELLA;2961
2962;5001;MEDELLIN;2962
2963;5001;MEDELLIN;2963
2964;5579;CALDAS;2964
2965;5001;YARUMAL;2965
2966;5045;MEDELLIN;2966
2967;5360;MEDELLIN;2967
2968;5380;BARBOSA;2968
2969;5001;RIONEGRO;2969
2970;5001;MEDELLIN;2970
2971;5088;MEDELLIN;2971
2972;5172;MEDELLIN;2972
2973;5212;MEDELLIN;2973
2974;5001;EL CARMEN DE VIBORAL;2974
2975;5321;COPACABANA;2975
2976;5001;RIONEGRO;2976
2977;5266;MEDELLIN;2977
2978;5615;ENVIGADO;2978
2979;5001;MEDELLIN;2979
2980;5147;ITAGUI;2980
2981;5001;LA ESTRELLA;2981
2982;5631;CALDAS;2982
2983;5001;MEDELLIN;2983
2984;5440;PASTO;2984
2985;11001;GUARNE;2985
2986;5088;GIRARDOTA;2986
2987;5360;MEDELLIN;2987
2988;5001;MEDELLIN;2988
2989;5088;BELLO;2989
2990;5001;MEDELLIN;2990
2991;5001;ITAGUI;2991
2992;5001;ENVIGADO;2992
2993;5360;BELLO;2993
2994;5615;ENVIGADO;2994
2995;5001;MEDELLIN;2995
2996;5001;VENECIA;2996
2997;5001;LA UNION;2997
2998;5088;CHIGORODO;2998
2999;5001;MEDELLIN;2999
3000;5440;MEDELLIN;3000
3001;5088;MEDELLIN;3001
3002;5440;ENVIGADO;3002
3003;5212;MEDELLIN;3003
3004;5264;EL CARMEN DE VIBORAL;3004
3005;5001;MEDELLIN;3005
3006;5615;MEDELLIN;3006
3007;5001;MEDELLIN;3007
3008;5001;MEDELLIN;3008
